id,name,slug,address,city,state,zip,phone,email,license_type,lat,lon,is_published
307018,Prestige Cannabis Co.,prestige-cannabis-co-1,1577 S Broadway,Edmond,Oklahoma,73013,(405) 508-1388,ordersprestigecannabis.edmond@gmail.com,medical,35.63761,-97.48414,true
67431,Prestige Cannabis Co. (OPEN 24/7),prestige-cannabis-co,4708 SE 29th Street,Del City,Oklahoma,73115,(405) 968-2985,prestigecannabishome@gmail.com,medical,35.434781,-97.431703,true
320923,Snaxland Dispensary,snaxland-dispensary,"4401 South Pennsylvania Avenue Oklahoma City, OK 73119",Oklahoma City,Oklahoma,73119,(405) 778-8002,snaxlanddispensary@gmail.com,medical,35.421615,-97.548342,true
300742,Tropic Canna - Lawton,big-chief-collective-2-1,1912 Northwest Cache Rd,Lawton,Oklahoma,73507,(405) 800-4800,tropiccannalawton@gmail.com,medical,34.62307,-98.419,true
67373,Roland Natural Health (Drive Thru 24/7),roland-natural-health,309 E Ray Fine Boulavard,Roland,Oklahoma,74954,(918) 503-4053,rolandnaturalhealth@yahoo.com,medical,35.405391,-94.49845,true
66332,Nature's Kiss,https-weedmaps-com-dispensaries-natures-kiss-oklahoma-city,5609 N Pennsylvania Ave,Oklahoma City,Oklahoma,73112,(405) 849-4439,OKCPennSquare@natureskissmmj.net,medical,35.526195,-97.54804,true
353201,Okie Wonderland Dispensary - OKC/The Village,okie-wonderland-okc,10717 N May Ave,Oklahoma City,Oklahoma,73120,(405) 849-4651,okieswonderland@gmail.com,medical,35.5783,-97.567727,true
367117,Miami Natural Health - Open 24 Hours,miami-natural-health,1805 E Steve Owens Blvd,Miami,Oklahoma,74354,(918) 919-3481,rolandnaturalhealth@yahoo.com,medical,36.871157,-94.859339,true
377553,Skunks Den Dispensary Tulsa by Okie Wonderland,skunks-den-tulsa,6702 S. Lewis Ave Suite B,Tulsa,Oklahoma,74136,(539) 867-1407,okieswonderland@gmail.com,medical,36.065459,-95.95859,true
401588,Elite Dispensary Mustang by Okie Wonderland - Now Open!,elite-cannabis-mustang,527 E. State Highway 152,Mustang,Oklahoma,73064,(405) 256-6735,OkiesWonderland@gmail.com,medical,35.392056,-97.715026,true
62415,Johnny Appleseed Remedies,johnny-appleseed-remedies,518 East Main St.,Henryetta,Oklahoma,74437,(918) 319-4026,dmouss.jar@gmail.com,medical,35.44021,-95.975191,true
336426,American Cannabis Company - Enid - Drive Thru,american-cannabis-company-13,1927 S Van Buren St,Enid,Oklahoma,73703,(580) 215-4592,acc.ecom.marketing@gmail.com,medical,36.376622,-97.889322,true
320999,Oklahoma's Best Cannabis,oklahoma-s-best-cannabis,316 Boat Club Rd,Cartwright,Oklahoma,74731,(580) 710-3024,info@oklahomasbest.cc,medical,33.853086,-96.570503,true
320147,American Cannabis Company - Chickasha - Drive Thru,american-cannabis-company-12,1426 s 4th st,Chickasha,Oklahoma,73018,(405) 295-4960,acc.ecom.marketing@gmail.com,medical,35.03612,-97.93678,true
377489,Humboldt Cannabis - Bartlesville,humboldt-cannabis-bartlesville,214 SE Frank Phillips Blvd,Bartlesville,Oklahoma,74003,(918) 213-4302,johntanner81@outlook.com,medical,36.751202,-95.975229,true
403820,White Barn Dispensary Bixby By Okie Wonderland: Now Open!,white-barn-by-okie-wonderland,13161 S Memorial Dr Suite A,Bixby,Oklahoma,74008,(918) 364-0420,alansoleyman@yahoo.com,medical,35.972918,-95.88587,true
338207,American Cannabis Company- Stillwater,american-cannabis-dispensary-stillwater,104 S Perkins,Stillwater,Oklahoma,74074,(405) 666-5771,acc.ecom.marketing@gmail.com,medical,36.12296,-97.05191,true
405889,NOW OPEN! - Okie Wonderland Dispensary- East Tulsa 129th,okie-wonderland-east-tulsa,12828 E 11th St,Tulsa,Oklahoma,74128,(918) 584-8667,okieswonderland@gmail.com,medical,36.14777,-95.83383,true
405389,Hi-Roots Cannabis Co - Yukon,hi-roots-cannabis-co-yukon,12204 W RENO AVE,Yukon,Oklahoma,73099,(405) 467-4209,hirootsnorman@gmail.com,medical,35.464,-97.7428,true
59657,Okie Wonderland Dispensary Tulsa- 51st St & Memorial,okie-wonderland-51-st,8125 E 51st St. Suite O,Tulsa,Oklahoma,74145,(918) 576-6793,thedankery918@gmail.com,medical,36.0901,-95.8863,true
303021,NEXT ELEVATION,next-elevation,1020 Northwest 27th Street Suite C,Moore,Oklahoma,73160,(405) 237-2799,incpatel@yahoo.com,medical,35.362951,-97.511106,true
59923,Get Bak'd Weed Dispensary Edmond - DRIVE THRU,get-bak-d-okc,516 S. Coltrane Road,Edmond,Oklahoma,73034,(405) 438-2253,info@getbakd.com,medical,35.648738,-97.442299,true
317556,SoonerGlue OutLit,higher-health-of-miami,1012 East Steve Owens Blvd,Miami,Oklahoma,74354,(918) 919-3523,sgoutlitmiami@gmail.com,medical,36.87093,-94.86865,true
62518,Koli Cannabis - West,koli-cannabis-rx,655 w. Ramm rd,Claremore,Oklahoma,74017,(918) 923-2212,kolicannabis@gmail.com,medical,36.304812,-95.621522,true
67104,Native Pure,native-pure,3930 W 6TH Ave,Stillwater,Oklahoma,74074,(405) 338-9258,gndispensaries@gmail.com,medical,36.116979,-97.110281,true
301720,Capital Dank - Shawnee,capital-dank-shawnee,1801 N. Harrison St.,Shawnee,Oklahoma,74804,(405) 585-2967,contact@thecapitaldank.com,medical,35.350898,-96.911223,true
66214,RE-UP Cannabis Dispensary - Bartlesville,re-up-cannabis-dispensary-2-1,916 S Madison Blvd,Bartlesville,Oklahoma,74006,(918) 876-6217,reupdispensary2@gmail.com,medical,36.741444,-95.916744,true
329312,Tropic Canna West,tropic-canna-west,6506 NW Cache Rd Suite C,Lawton,Oklahoma,73505,(580) 956-4132,tropiccannalawton@gmail.com,medical,34.62334,-98.47302,true
60423,Urbn Roots - North: DRIVE THRU,urbn-roots,2624 N Van Buren St Suite A,Enid,Oklahoma,73703,(580) 478-3304,kingbrittany007@gmail.com,medical,36.423345,-97.891033,true
405965,NOW OPEN - Okie Wonderland Dispensary- 11th & Memorial,okie-wonderland-dispensary-11th-memorial,1133 S. Memorial Dr Ste J,Tulsa,Oklahoma,74112,(539) 525-0213,okieswonderland@gmail.com,medical,36.146643,-95.886202,true
320833,Goat House - May Ave,goat-house-dispensary,5918 N May Ave,Oklahoma City,Oklahoma,73112,(405) 849-5692,info@goathouseco.com,medical,35.53148,-97.565185,true
61353,Flight 420 - Sallisaw,flight-420-sallisaw,1223 E. Cherokee Ave,Sallisaw,Oklahoma,74955,(918) 235-6595,customer@greenhorizonsok.com,medical,35.460616,-94.772663,true
386559,Euphora Powered By Goat House,goat-house-del-city,4530 SE 29th St,Del City,Oklahoma,73115,(405) 768-3588,info@goathouseco.com,medical,35.43519,-97.43538,true
305056,Canna Club of Nichols Hills,canna-club-of-nichols-hills,6612 N Western Ave,Oklahoma City,Oklahoma,73116,(405) 242-3227,cannaclubofnicholshills@gmail.com,medical,35.539538,-97.529362,true
325413,Main St. Meds - Tulsa + Drive Thru,main-street-meds-tulsa,4555 South Mingo Road,Tulsa,Oklahoma,74146,(918) 938-0663,mainstreetmeds@gmail.com,medical,36.09736,-95.86811,true
61789,Get Bak'd Weed Dispensary - Shawnee,the-green-door-dispensary-llc,121 E. Main,Shawnee,Oklahoma,74801,(405) 449-2253,getbakdshawnee@gmail.com,medical,35.327283,-96.921154,true
306468,Tropic Canna - Duncan,big-chief-collective-3,1215 W Bois D'Arc Ave,Duncan,Oklahoma,73533,(405) 800-4800,tropicannaclayton@gmail.com,medical,34.492827,-97.964807,true
401268,Mango Cannabis - Bixby Now Open!,mango-cannabis-bixby,14633 S. Memorial Dr.,Bixby,Oklahoma,74008,(918) 943-5000,kevin@mangocannabis.com,medical,35.951467,-95.885654,true
357410,Bodega Boyz - Miami,bodega-boyz-miami,502 HENLEY ST,Miami,Oklahoma,74354,(918) 308-9133,info@thebodegaboyz.com,medical,36.868171,-94.854536,true
67407,Euphora - Admiral,euphora,4903 E. Admiral Pl.,Tulsa,Oklahoma,74115,(539) 525-0159,Admiral@findeuphora.com,medical,36.161296,-95.921991,true
380811,Flower Factory Fine Cannabis- Edmond,flower-factory-fine-cannabis-edmond,628 W Edmond Rd,Edmond,Oklahoma,73003,(405) 906-2045,flofacedmond@gmail.com,medical,35.65250339650924,-97.49246084972508,true
401585,Xclusive Dispensary Norman by Okie Wonderland Dispensary - Now Open!,xclusive-cannabis-norman-lindsey-1,2102 West Lindsey Suite A,Norman,Oklahoma,73069,(405) 857-2381,OkiesWonderland@gmail.com,medical,35.203518,-97.472723,true
303231,American Cannabis Company - Midwest City,american-cannabis-dispensary-midwest-city,200 South Midwest Blvd,Midwest City,Oklahoma,73110,(405) 200-1019,acc.ecom.marketing@gmail.com,medical,35.462792,-97.388021,true
301415,American Cannabis Company - Newcastle - Drive Thru,american-cannabis-dispensary-newcastle,1300 N Main St,Newcastle,Oklahoma,73065,(405) 510-0764,acc.ecom.marketing@gmail.com,medical,35.258678,-97.599714,true
381907,Urbn Roots - South,urbn-roots-south-1,1601 S. Van Buren St,Enid,Oklahoma,73703,(580) 478-2968,pchavez1992@gmail.com,medical,36.380306,-97.889764,true
376787,Humboldt Cannabis - Dewey,humboldt-cannabis-dewey,610 N Osage Ave Ste 2&3,Dewey,Oklahoma,74029,(918) 534-8090,johntanner81@outlook.com,medical,36.79776,-95.93532,true
396031,Vice Stillwater Dispensary South,vice-stillwater-dispensary-south,209 S. Perkins Rd,Stillwater,Oklahoma,74074,(405) 301-3675,pcd.dowell@gmail.com,medical,36.120909,-97.050958,true
307543,Green Nation #1,green-nation-dispensary-1,3450 E. SHAWNEE RD,Muskogee,Oklahoma,74403,(918) 537-2050,gndispensaries@gmail.com,medical,35.76976,-95.32314,true
62660,CAM Cannabis,compassionate-alternative-medicine-dispensary,205 A West Kenosha,Broken Arrow,Oklahoma,74012,(539) 367-5282,CamCannabisBA@gmail.com,medical,36.060576,-95.792385,true
339619,Dispensary Near Me,dispensary-near-me-1,9551 E. Waterloo Rd,Arcadia,Oklahoma,73007,(405) 233-8906,dispensarynm.info@gmail.com,medical,35.72716,-97.35793,true
63736,RE-UP Cannabis Dispensary,re-up-cannabis-dispensary-2,6322 South Peoria Ave,Tulsa,Oklahoma,74136,(539) 525-0677,reupdispensary@gmail.com,medical,36.07171,-95.97615,true
60785,Root 66 Dispensary,root-66-dispensary,16351 OK-66,El Reno,Oklahoma,73099,(405) 295-6777,root66dispensary@yahoo.com,medical,35.50893,-97.83292,true
66885,Proper Cannabis of Norman,proper-cannabis,1220 Classen BLVD Suite 102,Norman,Oklahoma,73071,(405) 857-7873,propercannabis420@gmail.com,medical,35.2117,-97.43672,true
60272,Roots Dispensary,ok-roots-dispensary,420 N. Kickapoo,Shawnee,Oklahoma,74801,(405) 395-2731,rootsdispensary@gmail.com,medical,35.33202,-96.930152,true
301369,Flight 420 - West Siloam Springs,flight-420-west-siloam-springs,3455 Highway 412 W,Watts,Oklahoma,74964,(918) 262-3015,customer@greenhorizonsok.com,medical,36.176078,-94.578925,true
321081,Brixx,brixx,121 South Main St,Stillwater,Oklahoma,74074,(918) 842-7499,bonnie@brixxcultivation.com,medical,36.12097,-97.05825,true
343210,Jungle House,jungle-house,2511 NW Sheridan RD,Lawton,Oklahoma,73505,(580) 280-4206,Jason.miller9271@gmail.com,medical,34.63411,-98.42206,true
407310,Ganja Heaven,ganja-heaven,8912 S. Western Ave,Oklahoma City,Oklahoma,73139,(405) 772-9865,ganjaheaven89@gmail.com,medical,35.378139,-97.5294,true
301713,Hi-Roots Cannabis Co - Norman,hi-roots-cannabis-co,1720 24th Ave SW,Norman,Oklahoma,73072,(405) 857-7062,hirootsnorman@gmail.com,medical,35.19753,-97.477066,true
307702,Capital Dank - Tulsa,capital-dank-tulsa,1660 E 71st St,Tulsa,Oklahoma,74136,(918) 777-3000,contact@thecapitaldank.com,medical,36.0599,-95.9678,true
307393,Humboldt Cannabis - Miami,humboldt-cannabis,1101 E Steve Owens Blvd,Miami,Oklahoma,74354,(918) 919-3371,johntanner81@outlook.com,medical,36.87143,-94.86531,true
309121,Evermore Okmulgee - Okmulgee,evermore-cannabis-dispensary-1,814 S. Wood Dr,Okmulgee,Oklahoma,74447,(918) 777-2026,evermoreboyz@gmail.com,medical,35.61566,-95.9621,true
314138,Humboldt Cannabis - Owasso,humboldt-cannabis-1,422 E 22nd St,Owasso,Oklahoma,74055,(539) 208-5520,johntanner81@outlook.com,medical,36.28759,-95.85039,true
376267,Humboldt Cannabis - Edmond,humboldt-cannabis-edmond,3230 S Boulevard,Edmond,Oklahoma,73013,(405) 906-2203,johntanner81@outlook.com,medical,35.6238,-97.4772,true
318153,Elevate Dispensary Smoke Shop - Bethany Now Open,elevate-dispensary-1,8002 NW 39th Expressway,Bethany,Oklahoma,73008,(405) 722-8380,elevat3.group@gmail.com,medical,35.51484,-97.65493,true
313190,Koli Cannabis - Miami - Drive Thru,koli-cannabis-miami,225 E Steve Owens Blvd,Miami,Oklahoma,74354,(918) 544-8009,info@kolibloom.com,medical,36.871096,-94.874544,true
67914,LA 2 OK Dispensary (Open 8am-12am),la-to-ok,1 SE 59th St Suite C,Oklahoma City,Oklahoma,73129,(405) 768-2450,420LA2OK@gmail.com,medical,35.407353,-97.511359,true
320835,Edmond Green Escape,edmond-green-escape,14760 S Coltrane Rd,Edmond,Oklahoma,73034,(405) 708-7334,greenescapeedmond@gmail.com,medical,35.72613,-97.44295,true
67417,Capital Dank - Midwest City,capital-dank-midwest-city,301 S. Air Depot,Midwest City,Oklahoma,73110,(405) 610-5214,contact@thecapitaldank.com,medical,35.46167,-97.406793,true
64435,RE-UP Cannabis Dispensary - Broken Arrow,re-up-cannabis-broken-arrow,3440 E Houston St.,Broken Arrow,Oklahoma,74014,(539) 367-1902,reupdispensarybrokenarrow@gmail.com,medical,36.046988,-95.749842,true
387766,Mango Cannabis - Catoosa,mango-cannabis-catoosa,37 S 193rd E Ave,Catoosa,Oklahoma,74015,(918) 739-4141,info@mangocannabis.com,medical,36.15959,-95.76097,true
59314,Mari MED,mari-med,9200 N. Garnett Rd.,Owasso,Oklahoma,74055,(918) 376-6422,marimed420@yahoo.com,medical,36.286549,-95.848798,true
304540,Ounce House,navigator-life-medical-marijuana-co,717 W. Broadway,Muskogee,Oklahoma,74401,(918) 910-4080,Keithb@navi420.com,medical,35.751932,-95.377915,true
405720,University Wellness Center,university-wellness-center,751 Canadian Trails Dr,Norman,Oklahoma,73072,(405) 435-9509,Universitysupplies@icloud.com,medical,35.181145,-97.451603,true
65731,Pharmer's Market - Norman,pharmhouse-cannabis-company,530 West Lindsey Street,Norman,Oklahoma,73069,(405) 857-7445,pharmersmarketlindsey@gmail.com,medical,35.203962,-97.448847,true
67320,Elevate Dispensary,elevate-dispensary,1300 West Vandament Ave. Suite 2501,Yukon,Oklahoma,73099,(405) 805-6548,elevat3.group@gmail.com,medical,35.491446,-97.761891,true
306384,Green Nation - Claremore,green-nation-dispensary,1005 East Will Rogers Blvd,Claremore,Oklahoma,74017,(918) 923-2046,gndispensaries@gmail.com,medical,36.306909,-95.598302,true
358000,Koli Cannabis - Broken Arrow,koli-cannabis-broken-arrow-2,12813 E 71st Street,Broken Arrow,Oklahoma,74012,(539) 367-2077,info@kolibloom.com,medical,36.061566,-95.83795,true
60658,Bodega Boyz - Durant,bodega-boyz-durant,523 W Main Street,Durant,Oklahoma,74701,(580) 634-2608,info@thebodegaboyz.com,medical,33.992016,-96.382024,true
370724,Primal Dispensary,primal-dispensary,1333 S Meridian Ave,Oklahoma City,Oklahoma,73108,(405) 900-6020,dispensary@primalcannabis.com,medical,35.451828,-97.601623,true
404129,Super Fire Cannabis - Edmond,super-fire-cannabis,1513 E 2nd Street,Edmond,Oklahoma,73034,(405) 907-1683,superfirecannabis@gmail.com,medical,35.652548,-97.46008,true
381909,Chronic Co.,chronic-co,500 S. 14TH STREET,Ponca City,Oklahoma,74601,(580) 304-4053,chronic.brendyn@gmail.com,medical,36.69871,-97.06751,true
61291,Mango Cannabis - Enid,mango-cannabis-enid,421 S VAN BUREN ST,Enid,Oklahoma,73703,(580) 297-5056,info@mangocannabis.com,medical,36.392607,-97.889718,true
312769,Mango Cannabis - OKC May Ave.,mango-cannabis-okc,3301 North May Avenue,Oklahoma City,Oklahoma,73112,(405) 768-5791,info@mangocannabis.com,medical,35.503397,-97.565812,true
303114,Craft Cannabis Company - Yukon,craft-cannabis-company-yukon,331 S. Cemetery Rd,Yukon,Oklahoma,73099,(405) 697-3939,yukon@okccraft.com,medical,35.462306,-97.760638,true
336226,Capital Dank - Norman,capital-dank-norman,320 12th Ave SE,Norman,Oklahoma,73071,(405) 857-7590,contact@thecapitaldank.com,medical,35.21492,-97.42416,true
404284,Xclusive Dispensary Edmond by Okie Wonderland - Now Open!,xclusive-edmond-kelly-by-okie-wonderland,1322 N Kelly Ave,Edmond,Oklahoma,73003,(405) 216-3303,alansoleyman@yahoo.com,medical,35.667746,-97.496085,true
67767,Tulsa House of Fire - 24/7 (Never Closed),tulsa-house-of-fire,6849 S. Peoria Ave. Ste B,Tulsa,Oklahoma,74136,(539) 867-1584,team@tulsahouseoffire.com,medical,36.063153,-95.975148,true
363546,Humboldt Cannabis,the-green-gremlin-llc-dba-humboldt-cannabis-ii,13406 S Memorial Dr,Bixby,Oklahoma,74008,(918) 943-5362,johntanner81@outlook.com,medical,35.969248,-95.887053,true
308782,Mango Cannabis - Lawton,mango-cannabis-lawton,1201 North West Sheridan Rd.,Lawton,Oklahoma,73505,(580) 699-5414,info@mangocannabis.com,medical,34.62018,-98.42148,true
303965,Mango Cannabis - Norman,mango-cannabis-norman,127 West Main Street,Norman,Oklahoma,73069,(405) 310-2121,info@mangocannabis.com,medical,35.220492,-97.445214,true
326387,WACKY BACKY DISPENSARY,wacky-backy-dispensary,513 NE 12TH STREET,Moore,Oklahoma,73160,(405) 977-1211,sahilp5250@gmail.com,medical,35.34912,-97.47962,true
308896,Lotus Gold - Enid - 24 Hours,health-express-6t,5515 W Owen K Garriott Rd,Enid,Oklahoma,73703,(405) 225-0889,daniel@cbdplususa.com,medical,36.39078,-97.94507,true
65690,Emerald Cut,emerald-cut-cannabis-care-center-llc-2,405 S Pocolo Blvd Ste A,Pocola,Oklahoma,74902,(918) 436-6010,emeraldcutccc@gmail.com,medical,35.256017,-94.477794,true
344098,Evermore Exotics - Owasso,evermore-1,7800 N OWASSO EXPRESSWAY,Owasso,Oklahoma,74055,(539) 208-5222,EVERMOREEXOTICS@GMAIL.COM,medical,36.26728,-95.848805,true
338957,GRAMS on Cedar St,grams-dispo,124 W. Cedar St Suite A,Durant,Oklahoma,74701,(580) 745-8050,charles@loudgrams.com,medical,33.99417,-96.37615,true
63541,Stillwater Dispensary,stillwater-dispensary,1925 N Boomer RD,Stillwater,Oklahoma,74075,(405) 338-7240,Dave@Stillwater-Dispensary.com,medical,36.143143,-97.066886,true
305131,ZIGGYZ PLUS - Yukon,ziggyz-plus,324 S Mustang Rd,Yukon,Oklahoma,73099,(405) 240-8391,ziggyz.oklahoma@gmail.com,medical,35.463194,-97.723219,true
64847,Lokal Source,lokal-source-3,11413 E 96th St. N,Owasso,Oklahoma,74055,(918) 401-4768,lokalsourceowasso@gmail.com,medical,36.293611,-95.846638,true
324643,Blue Water - Norman,bluewater-dispensary,112 West Main Street,Norman,Oklahoma,73069,(405) 857-2666,bluewatermeddispensary@gmail.com,medical,35.220185,-97.44434,true
60388,Capital Dank - Edmond,capital-dank-edmond,1633 W 33rd St,Edmond,Oklahoma,73013,(405) 920-6150,contact@thecapitaldank.com,medical,35.623912,-97.50478,true
66265,Marvin's Garden,marvins-garden,3120 W Britton Rd,Oklahoma City,Oklahoma,73120,(405) 788-1034,beachbumsholding@gmail.com,medical,35.565241,-97.570523,true
309790,RE-UP Dispensary Muskogee,re-up-llc,29 West Southside Blvd,Muskogee,Oklahoma,74401,(918) 913-7316,reupmuskogee@gmail.com,medical,35.740433,-95.373125,true
64827,The Bud Shop,the-bud-shop-1,305 East Ray Fine Blvd,Roland,Oklahoma,74954,(918) 503-4200,thebudshop@yahoo.com,medical,35.405489,-94.499971,true
305538,Bud Barn,bud-barn-1,624 W Main St,Durant,Oklahoma,74701,(580) 634-2444,BUDBARN@ICLOUD.COM,medical,33.991462,-96.379337,true
61573,Midwest Dispensary,midwest-dispensary,1600 E. Hwy. 66 Ste. 6,El Reno,Oklahoma,73036,(405) 262-1450,midwestwellness@yahoo.com,medical,35.512301,-97.947725,true
61068,Cushman Cannabis & Company,cushman-cannabis-company,217 West Moses Street,Cushing,Oklahoma,74023,(918) 306-0073,cush@cushmanllc.com,medical,35.980712,-96.774893,true
365718,Interstate 420,interstate-420-llc,2605 NW Cache Rd.,Lawton,Oklahoma,73505,(580) 351-2527,interstate420dispensary@gmail.com,medical,34.624212,-98.430199,true
65139,Mango Cannabis - Edmond,mango-cannabis-edmond,16309 N. Santa Fe Ave,Edmond,Oklahoma,73013,(405) 906-3000,info@mangocannabis.com,medical,35.636715,-97.514483,true
302354,Canna Culture Dispensary,canna-culture-dispensary-4,1716 NW Cache Road,Lawton,Oklahoma,73507,(580) 699-3227,cannaculture@att.net,medical,34.622936,-98.414923,true
312937,Sallisaw Natural Health 24/7 and Drive Thru!,sallisaw-natural-health,456 West Ruth Avenue,Sallisaw,Oklahoma,74955,(918) 235-6908,SallisawNaturalHealth@gmail.com,medical,35.45346,-94.79431,true
408137,K'S DISPO - BIXBY,15208-llc-dba-k-s-dispo-bixby,15208 S Memorial Drive Suite B,Bixby,Oklahoma,74008,(918) 369-1228,melissamarie@solcanna.info,medical,35.942955,-95.886893,true
302286,Okie Medicine Flower,okie-medicine-flower,1701 S. Mustang Rd Suite#108,Yukon,Oklahoma,73099,(405) 435-6284,okiemedicineflower@gmail.com,medical,35.447929,-97.725744,true
317249,Mango Cannabis - OKC NW Expy,mango-cannabis-okc-nw-expy,6201 NW Expressway,Oklahoma City,Oklahoma,73132,(405) 603-2525,info@mangocannabis.com,medical,35.55316,-97.62541,true
302440,Flower Tops,flower-tops,11150 s. 265th e. ave.,Coweta,Oklahoma,74429,(918) 887-8006,flowertops.coweta@gmail.com,medical,36.002122,-95.681993,true
64628,Mango Cannabis - Tulsa,mango-cannabis-tulsa,7141 S. Mingo Rd.,Tulsa,Oklahoma,74133,(918) 940-3525,info@mangocannabis.com,medical,36.059925,-95.868141,true
302352,American Cannabis Company - Mustang,american-cannabis-company-11,851 W State Highway 152,Mustang,Oklahoma,73064,(405) 669-3806,acc.ecom.marketing@gmail.com,medical,35.39235,-97.74186,true
335602,Great Life Canna Co,great-life-canna-co,1960 SH-9,Norman,Oklahoma,73072,(405) 928-6939,greatlifecannabis@gmail.com,medical,35.182522,-97.506192,true
317958,Phenom Cannabis Co,phenom-cannabis-co,1120 South Air Depot Boulevard Suite 10,Midwest City,Oklahoma,73110,(405) 455-3556,delta9exotics@gmail.com,medical,35.453705,-97.405532,true
307340,Trifecta Dispensary,trifecta-farmacy,3420 N Porter Ave,Norman,Oklahoma,73071,(405) 896-0506,Trifectanorman@gmail.com,medical,35.26084,-97.441727,true
60317,Advanced Wellness and Dispensary,advanced-wellness-and-dispensary,2430 N 32nd St,Muskogee,Oklahoma,74401,(918) 910-9333,Advancedwellnessanddispensary@gmail.com,medical,35.780779,-95.402364,true
349256,Green Plus - Powered by Next Elevation,next-elevation-3,1009 SW 59TH ST,Oklahoma City,Oklahoma,73109,(405) 768-2924,incpatel@yahoo.com,medical,35.406525,-97.533035,true
64245,North Star Cannabis,north-star-cannabis,1300 w. Evergreen St.,Durant,Oklahoma,74701,(214) 682-7648,erikestesjenkins@gmail.com,medical,33.99547,-96.38972,true
383822,Apex Vertical,apex-vertical,6817 N. Broadway,Edmond,Oklahoma,73034,(405) 820-7047,info@Apexvertical.biz,medical,35.72474219398673,-97.47874031065578,true
62435,Big Chief Collective - Cache Rd,big-chief-collective-2,3414 NW Cache Rd Ste C,Lawton,Oklahoma,73505,(580) 771-6830,bigchiefcollectivelawton@gmail.com,medical,34.622804,-98.438518,true
67931,Kind Love - Blue Dome District,kind-love-2,302 South Frankfort Avenue,Tulsa,Oklahoma,74120,(918) 895-5683,meshauna@kindloveok.com,medical,36.155072,-95.985578,true
60804,Doc Green's,doc-green-s-oklahoma,106 W Elm Avenue,Stillwater,Oklahoma,74074,(405) 564-5170,info@docgreensmmj.com,medical,36.122437,-97.059106,true
303157,Lotus Gold - Nicoma Park,lotus-gold-nicoma-park,10901 NE 23rd St. Ste. 70,Oklahoma City,Oklahoma,73141,(405) 393-0934,RA@bluecollarcriminals.com,medical,35.494237,-97.338107,true
62473,Ganja City (Reno),ganja-city-reno,5323 W. Reno ave,Oklahoma City,Oklahoma,73127,(405) 998-3222,3720@ganjacity.com,medical,35.464921,-97.612356,true
405436,Capital Dank - Ardmore,capital-dank-ardmore,1300 Sam Noble Parkway,Ardmore,Oklahoma,73401,(580) 798-3980,contact@thecapitaldank.com,medical,34.184188,-97.110338,true
353454,Jackpot Dispensary,jackpot-dispensary,3015 S INTERSTATE DR,Norman,Oklahoma,73072,(405) 693-0144,jackpotdispo@gmail.com,medical,35.184164,-97.491456,true
310849,Scalable Farms,scalable-farms,105 E. Chickasaw St.,Lindsay,Oklahoma,73052,(405) 428-6261,info@scalablefarms.com,medical,34.834912,-97.602089,true
376214,Big Chief Holistics,big-chief-collective-6,329 SW C Avenue,Lawton,Oklahoma,73501,(580) 354-6659,bigchiefexotics580@gmail.com,medical,34.605455,-98.393406,true
302932,Kind Love - Admiral,kind-love-admiral,7498 E Admiral Pl,Tulsa,Oklahoma,74115,(918) 938-5683,Lori@kindloveok.com,medical,36.160407,-95.89061,true
62764,The Spunky Skunk,the-spunky-skunk,301 N. Broadway,Poteau,Oklahoma,74953,(918) 564-2550,spunkyskunk918@gmail.com,medical,35.055508,-94.622377,true
372256,Super Fire Dispensary - Shields,super-fire-dispensary-shields,6001 S Shields Bivd,Oklahoma City,Oklahoma,73149,(405) 724-8000,okc10@gmail.com,medical,35.40582,-97.50859,true
378786,Legacy Green Dispensary,legacy-green-dispensary,600 W blue starr Dr,Claremore,Oklahoma,74017,(918) 845-6448,nupurferdousi@yahoo.com,medical,36.322142,-95.610837,true
346487,Heaters - Edmond,heaters-edmond,225 Garage Dr,Edmond,Oklahoma,73003,(405) 657-5433,admin@altvm.com,medical,35.6789,-97.48037,true
67353,Anchored Cannabis,anchored-cannabis-mcalester,100 N. 6th Street,McAlester,Oklahoma,74501,(405) 393-0933,Info@lotusgold.com,medical,34.93041,-95.76124,true
334780,Shake Shack,shake-shack,8907 Nw Cache Rd,Lawton,Oklahoma,73505,(580) 585-4948,shakeshackok@gmail.com,medical,34.62401,-98.50722,true
62983,Doctor Green - Bixby,doctor-green-glenpool,14657 S. Memorial Dr. Suite B,Bixby,Oklahoma,74008,(918) 528-5503,doctorgreenbixby@gmail.com,medical,35.949746,-95.885961,true
63853,Vertica Dispensary,vertica-dispensary,1729 W Main St,Norman,Oklahoma,73069,(405) 928-5100,norman@verticadispensary.com,medical,35.218709,-97.468052,true
357745,The House of Chronic,the-house-of-chronic,5121 SE 15th,Del City,Oklahoma,73115,(405) 724-7322,rickey@thehouseofchronicllc.com,medical,35.450185,-97.427231,true
304534,The Herbin' Joint,the-herbin-joint,3417 S 113th West Ave Unit A2,Sand Springs,Oklahoma,74063,(918) 269-7284,theherbinjointss@gmail.com,medical,36.112134,-96.118245,true
368827,Weed Nation - SW 59th,weed-nation-1,2545 sw 59th st,Oklahoma City,Oklahoma,73119,(405) 768-2331,theweednationokc@gmail.com,medical,35.40648,-97.558793,true
334933,Weed Nation - May Ave,weed-nation,1721 N May Ave,Oklahoma City,Oklahoma,73107,(405) 768-4929,theweednationokc@gmail.com,medical,35.4865,-97.56608,true
311176,Deepwell,deepwell,3203 S. Harvard Ave.,Tulsa,Oklahoma,74135,(539) 424-5195,d01@deepwellcannabis.com,medical,36.116742,-95.940026,true
313451,Craft Cannabis Company - Moore,craft-cannabis-company-moore,835 SW 119th St,Oklahoma City,Oklahoma,73170,(405) 697-3939,moore@okccraft.com,medical,35.349469,-97.527612,true
301955,Green St Dispensary,greenst-dispensary,301 S MAIN ST,Muskogee,Oklahoma,74401,(918) 577-6160,greenst301smain@gmail.com,medical,35.745836,-95.37069,true
320284,Cowboy Kush Dispensary,cowboy-kush-dispensary-2-1,514 N Elm Place,Broken Arrow,Oklahoma,74012,(918) 251-5104,cowboykushoffice@gmail.com,medical,36.057254,-95.797457,true
61549,Chill Dispensary,chill-dispensary,22 NE 10th St,Oklahoma City,Oklahoma,73104,(405) 355-2535,info@chilldispensary.com,medical,35.477832,-97.511129,true
60734,RedEye 420,redeye-420,1525 South Sheridan Road,Tulsa,Oklahoma,74112,(918) 934-5309,info@redeye420.com,medical,36.139648,-95.904048,true
60915,Mr. Green - Hefner,mr-green-the-village,10840 N. Pennsylvania Avenue,Oklahoma City,Oklahoma,73120,(405) 861-0431,mrgreen10840@gmail.com,medical,35.579784,-97.548801,true
317329,Hi-Roots Cannabis Co - OKC,hi-roots-cannabis-co-1,2321 N Portland Ave,Oklahoma City,Oklahoma,73107,(405) 768-4556,hirootsnorman@gmail.com,medical,35.49295,-97.58369,true
306512,Euphora - Muskogee,euphora-2,103 S 32nd St,Muskogee,Oklahoma,74401,(918) 913-7181,Muskogee@findeuphora.com,medical,35.754232,-95.40302,true
67968,Euphora - E. 61st,euphora-1,8007 E. 61st,Tulsa,Oklahoma,74133,(918) 615-6573,61st@findeuphora.com,medical,36.07547,-95.88742,true
60239,Natural Remedies MMJ,natural-remedies-mmj,221 W. Cherokee 73701,Enid,Oklahoma,73701,(580) 297-5030,Mc@naturalremediesmmj.com,medical,36.400393,-97.878589,true
65572,Evergreen Cannabis Company,evergreen-cannabis-company,3641 NW 63rd ST,Oklahoma City,Oklahoma,73116,(405) 242-6410,purchasingevergreen@gmail.com,medical,35.537279,-97.583026,true
65708,The Budologist,the-budologist,14803 NE 23rd St #101,Choctaw,Oklahoma,73020,(405) 281-6300,thebudologist@gmail.com,medical,35.4934,-97.26805,true
63782,Tokelahoma's Finest,tokelahoma-s-finest,1032 North Porter Ave,Norman,Oklahoma,73071,(405) 857-2729,tokelahomasfinest@gmail.com,medical,35.23119,-97.44144,true
301208,Mrs Mary Jane,mrs-mary-jane,2105 W Jasper St,Broken Arrow,Oklahoma,74011,(918) 845-6622,sonalicorporation473@gmail.com,medical,35.973318,-95.814649,true
399168,MK'S Cure It With Cannabis,mk-s-cure-it-with-cannabis,107 Plaza,Madill,Oklahoma,73446,(580) 316-3420,mickelowens1987@gmail.com,medical,34.090956,-96.7714,true
59674,Cheers Cannabis,cheers-cannabis,14900 S Western,Oklahoma City,Oklahoma,73170,(405) 898-0938,bakersmedical@gmail.com,medical,35.320579,-97.529565,true
307949,Capital Dank - Oklahoma City,capital-dank-rockwell,10709 N Rockwell Ave,Oklahoma City,Oklahoma,73162,(405) 730-6152,contact@thecapitaldank.com,medical,35.578139,-97.638727,true
304047,The Power Plant Dispensary - Drive Thru!,the-power-plant-dispensary,1820 W Owen K Garriott,Enid,Oklahoma,73703,(580) 278-4207,powerplantenid@outlook.com,medical,36.39107,-97.901279,true
62421,House of Cannabis - OK,broken-arrow-cbd-medicinal-dispensary,6503 S Elm Place,Broken Arrow,Oklahoma,74011,(918) 438-9977,houseofcannabisok@gmail.com,medical,35.987891,-95.796985,true
64887,Greencraft - Daily Deals!,greencraft,6967 E. 71st St. Suite A,Tulsa,Oklahoma,74133,(918) 551-6400,greencraft918@gmail.com,medical,36.06098,-95.89934,true
63369,LivWell Meds,livwell-meds-llc,2813 W UNIVERSITY BLVD,Durant,Oklahoma,74701,(580) 916-3051,livwellmeds@gmail.com,medical,34.004611,-96.405043,true
314294,Apothecary Farms - Moore,apothecary-farms-moore,2100 Riverwalk Dr Suite A,Moore,Oklahoma,73160,(405) 735-5100,okcity@apothecaryfarms.com,medical,35.31885,-97.492608,true
59696,The Health Center,the-health-center-tulsa,1417 South Harvard Ave,Tulsa,Oklahoma,74112,(918) 984-4420,thctulsa@gmail.com,medical,36.141659,-95.940097,true
301885,The Dank Side,green-leaf-cannabis-norman,2840 Classen Blvd,Norman,Oklahoma,73071,(405) 217-2906,cwarner.thedankside@gmail.com,medical,35.188429,-97.422174,true
310361,Apothecary Farms - Durant,apothecary-farms-durant,615 N 1st Ave,Durant,Oklahoma,74701,(580) 722-5422,Durant@apothecaryfarms.com,medical,33.99598,-96.37462,true
63054,Big B's Farmacy,big-b-s-farmacy,14511 E. Hwy 20,Claremore,Oklahoma,74019,(918) 923-0199,bigbsbuds@gmail.com,medical,36.307956,-95.569623,true
315707,Danks 2 U,danks-2-u,6528 E 101st St Suite G,Tulsa,Oklahoma,74133,(918) 528-5191,danks2utulsa@gmail.com,medical,36.01725,-95.90381,true
314438,Dubway Dispensary,dubway-dispensary-llc-2,210 N Hoke St,Stillwater,Oklahoma,74075,(405) 332-4121,dubway19mj@gmail.com,medical,36.124075,-97.05987,true
306163,405 Budz - South,405budz-south,8203 S. PENNSYLVANIA AVE,Oklahoma City,Oklahoma,73159,(405) 982-9333,405budzsouth@gmail.com,medical,35.383996,-97.5483,true
391846,HashFoxx OKC - Drive Thru,hashfoxx,2701 N Western Ave,Oklahoma City,Oklahoma,73106,(405) 724-7993,hashfoxx.okc@gmail.com,medical,35.49661,-97.53026,true
63493,Super Fire Dispensary - Division St,super-fire-division-st,820 South Division Street,Guthrie,Oklahoma,73044,(405) 877-3085,okc10dispo@gmail.com,medical,35.860013,-97.425161,true
320932,Mango Cannabis - Tulsa Harvard Ave,mango-cannabis-tulsa-harvard-ave,4021 S Harvard Ave,Tulsa,Oklahoma,74135,(918) 574-2340,info@mangocannabis.com,medical,36.10502,-95.93988,true
64373,Main St. Meds - Jenks + Drive Thru,main-street-meds,310 W MAIN ST,Jenks,Oklahoma,74037,(918) 995-7528,mainstreetmeds@gmail.com,medical,36.022422,-95.972591,true
64661,Great Barrier Reefer Medical Dispensary,great-barrier-reefer-medical-dispensary,3820 N Rockwell Ave Suite C,Bethany,Oklahoma,73008,(405) 506-0309,Greatbarrierreefermd@gmail.com,medical,35.510898,-97.636291,true
336388,Super Fire Dispensary,super-fire,1440 W Britton road,Oklahoma City,Oklahoma,73114,(405) 849-9312,Superfirecannabis@gmail.com,medical,35.56508,-97.53968,true
336220,The Market,the-market,8004 S Memorial Dr,Tulsa,Oklahoma,74133,(539) 367-2683,themarketdispo@gmail.com,medical,36.048165,-95.886785,true
308116,Mosaic,mosaic-2,3703 N Western Ave,Oklahoma City,Oklahoma,73118,(405) 768-4944,info@mosaicdispensary.com,medical,35.508092,-97.53007,true
331649,River Valley Natural Health,river-valley-natural-health-1,111688 S. 4823 Road,Roland,Oklahoma,74954,(539) 352-2005,rivervalleynaturalhealth@gmail.com,medical,35.39598,-94.44047,true
301523,Green Escape - OKC,green-escape,6714 N Classen Blvd,Oklahoma City,Oklahoma,73116,(405) 428-4312,greenescapeokc@gmail.com,medical,35.540079,-97.526501,true
67772,Refined Flower,refined-flowers,3 East 3rd St.,Grove,Oklahoma,74344,(918) 791-6191,refinedflower1@gmail.com,medical,36.593637,-94.769131,true
314119,Emerald Fire Meds - May,emerald-fire-meds-2,16530 N May Ave,Edmond,Oklahoma,73012,(405) 862-8555,Emeraldfiremay@gmail.com,medical,35.639612,-97.56664,true
325661,Happy Harry's Medicine Shop,happy-harry-s-dispensary,69708 E Hwy 60,Wyandotte,Oklahoma,74370,(918) 541-6392,happyharryscannabis@gmail.com,medical,36.82023,-94.63124,true
309839,Lemon Cannabis - Glenpool,lemon-cannabis-1,12152 South Waco Avenue,Glenpool,Oklahoma,74033,(918) 209-5395,hello@lemoncannabis.com,medical,35.986457,-96.013983,true
65633,Dana's Green Depot,dana-s-green-depot-1,5801 W Britton RD #J,Oklahoma City,Oklahoma,73132,(405) 506-0494,danasgreendepot@gmail.com,medical,35.566197,-97.620178,true
66054,Eden Rose Dispensary,eden-rose-dispensary-2,3420 N May Ave,Oklahoma City,Oklahoma,73112,(405) 724-8769,sbranch4466@gmail.com,medical,35.504784,-97.565152,true
308101,Bloomers Dispensary and Sundries - Drive Thru!,bloomers-dispensary-and-sundries,6733 E. 11st ST.,Tulsa,Oklahoma,74112,(539) 867-2082,bloomersdispensary@gmail.com,medical,36.14804,-95.90213,true
343608,REEFER JOE'S - Midwest City,reefer-joe-s-midwest-city,205 South Air Depot,Midwest City,Oklahoma,73110,(405) 455-2580,mairalex34@hotmail.com,medical,35.46277,-97.406775,true
307517,Rob & Sons Cannabis Company -DRIVE THRU!,rob-sons-cannabis-company,201 West 9th Street,Shawnee,Oklahoma,74801,(405) 788-4342,rob@robandsonscc.com,medical,35.328382,-96.92648,true
346252,LA 2 OK DISPENSARY - Warr Acres,la-2-ok-dispensary-llc,3701 N MAC ARTHUR BLVD SUITE E,Warr Acres,Oklahoma,73122,(405) 603-5323,420LA2OK@gamil.com,medical,35.50823,-97.62022,true
307496,Kush Gardens - Lawton,kush-gardens-lawton,1220 NW Sheridan Rd,Lawton,Oklahoma,73505,(580) 771-3373,kglawton@kushgardensusa.com,medical,34.620273,-98.423085,true
308872,Green Doctor 420 - Hefner,green-doctor-420-hefner,7105 W Hefner Rd Unit C,Oklahoma City,Oklahoma,73162,(405) 506-0259,store@greendoc420.com,medical,35.580492,-97.639625,true
309455,Kush Gardens - Chickasha,kush-gardens-usa,828 S 4th St.,Chickasha,Oklahoma,73018,(405) 825-1300,kgchickasha@kushgardensusa.com,medical,35.042277,-97.937153,true
64753,Green Doctor 420 - Sooner,greendoctor-420-se,4845 SE 44th ST,Del City,Oklahoma,73135,(405) 931-3300,rebecca@greendoc420.com,medical,35.421397,-97.424615,true
305867,Green Doctor 420 - PENN,green-doctor-420-3,7448 S Penn Ave,Oklahoma City,Oklahoma,73159,(405) 768-4374,fabiola@greendoc420.com,medical,35.39207,-97.547447,true
309001,Okie OG Cannabis,okie-og-cannabis-1,3416 S Yale AVE,Tulsa,Oklahoma,74135,(918) 932-8179,okieogcannabis@gmail.com,medical,36.1145,-95.92279,true
63259,Mary Jane's Dank House (Open 24/7),mary-janes-dank-house,7213 S Council Rd,Oklahoma City,Oklahoma,73169,(405) 897-2153,maryjanesdhokc@gmail.com,medical,35.394491,-97.654312,true
68089,Canna Cure Dispensary: Tax Included Pricing,canna-cure-dispensary,1919-B NW CACHE RD,Lawton,Oklahoma,73507,(580) 280-2262,info@shopcannacure.com,medical,34.62388,-98.4202,true
317764,FABULOUS CANNABIS CO,fabulous-cannabis-co,304 W EDMOND RD,Edmond,Oklahoma,73003,(405) 562-3110,Fabulouscannabis@gmail.com,medical,35.65234,-97.48741,true
303020,Tenkiller Natural Health 24/7 and Drive Thru!,10killer-bud,451566 Highway 100,Vian,Oklahoma,74962,(918) 773-3087,info@naturalhealthdispo.com,medical,35.609576,-94.975063,true
309456,Kush Gardens - El Reno,kush-gardens-usa-1,1705 Investors Ave,El Reno,Oklahoma,73036,(405) 295-8800,kgelreno@kushgardensusa.com,medical,35.513298,-97.97502,true
305643,High House Dispensary - OKC,midwest-city-high-house-dispensary,7876 S Western Ave,Oklahoma City,Oklahoma,73139,(405) 724-7858,HighHouseOKC@gmail.com,medical,35.388164,-97.529527,true
63758,Kush House - 24 Hours Never Closed! - Classen,kush-house-1,1217 N Classen Blvd,Oklahoma City,Oklahoma,73106,(405) 604-3232,classenkushhouse@gmail.com,medical,35.480431,-97.528955,true
65658,Green Doctor 420 - Edmond,green-doctor-420,48 E 15th St,Edmond,Oklahoma,73013,(405) 242-3477,150thgd420@gmail.com,medical,35.637318,-97.481595,true
307163,Apothecary Farms - OKC,apothecary-farms-okc,7941 N May Ave,Oklahoma City,Oklahoma,73120,(405) 698-0990,okcity@apothecaryfarms.com,medical,35.552402,-97.567032,true
314031,Method,method-1,4660 W Houston St,Broken Arrow,Oklahoma,74012,(918) 420-9288,social@methoddispensary.com,medical,36.04692,-95.84764,true
309982,Kush House - 24 Hours Never Closed & Drive Thru! - Moore,kush-house-24-hours-never-closed-moore,105 SE 19th St,Moore,Oklahoma,73160,(405) 676-9465,classenkushhouse@gmail.com,medical,35.320683,-97.487854,true
304519,Green Doctor 420 - Norman,green-doctor420,1278 N Interstate Dr,Norman,Oklahoma,73072,(405) 857-2091,morgan@GREENDOC420.COM,medical,35.234017,-97.48812,true
58858,Oklahoma Roots,oklahoma-roots,5825 N Harrison,Shawnee,Oklahoma,74804,(405) 432-1017,oklahomaroots@yahoo.com,medical,35.392202,-96.911471,true
302201,High Society - Fairgrounds 24/7,high-society-fairgrounds-okc,2921 NW 10th Street,Oklahoma City,Oklahoma,73107,(405) 493-9550,info@highsocietyok.com,medical,35.479405,-97.566947,true
64608,Chiefin Meds,chiefin-meds,101 Holiday Ln,Locust Grove,Oklahoma,74352,(539) 206-2066,chiefinmeds@gmail.com,medical,36.18969,-95.15979,true
306164,Kush Gardens - Duncan,kush-gardens-duncan,5609 N HIGHWAY 81,Duncan,Oklahoma,73533,(405) 825-1019,kushgardensusa@gmail.com,medical,34.56298,-97.96678,true
315439,Eden Rose Dispensary,eden-rose-dispensary-5,1333 N Santa Fe Ave STE 104,Edmond,Oklahoma,73003,(405) 906-2510,sbranch4466@gmail.com,medical,35.66847,-97.5153,true
335660,Canna Cure Dispensary II - Stillwater: Tax Included Pricing,canna-cure-dispensary-1,1023 E. 6th Ave,Stillwater,Oklahoma,74074,(405) 338-9112,stillwater@shopcannacure.com,medical,36.115155,-97.045275,true
313872,Morgan Road Rx,morgan-road-rx,"1700 S Morgan Rd, Unit G",Oklahoma City,Oklahoma,73128,(405) 897-2110,morganroaddispensary@gmail.com,medical,35.448759,-97.688866,true
60528,Hamiltons Bud & Bloom - 24/7 & Drive Thru!,318-inc,1350 E Kenosha St,Broken Arrow,Oklahoma,74012,(918) 994-7794,Hamiltonsdispensary@gmail.com,medical,36.061525,-95.77417,true
334974,Green Ohana Dispensary,green-ohana-dispensary,13325 MacArthur Blvd Ste 3,Oklahoma City,Oklahoma,73142,(405) 367-7133,VLZanpc@gmail.com,medical,35.60476,-97.62086,true
59955,Green Doctor 420,greendoctor-420,1016 SW 104th St,Oklahoma City,Oklahoma,73139,(405) 735-7739,store@greendoc420.com,medical,35.36301,-97.53233,true
67313,Likewise Cannabis Stillwater - Stillwater Dispensary,likewise-stillwater-dispensary,115 S Main St,Stillwater,Oklahoma,74074,(405) 361-8187,corbin@likewisecannabis.com,medical,36.121597,-97.058356,true
63029,Oklahoma Kind Connection,oklahoma-kind-connection,3535 N Shields Blvd,Moore,Oklahoma,73160,(405) 885-7778,info@kindokc.com,medical,35.370155,-97.50396,true
325797,Bodega Boyz - 71st,bodega-boyz-71st,7030 S. Sheridan Road Suite 100,Tulsa,Oklahoma,74133,(539) 444-7004,bodegaboyz71st@thebodegaboyz.com,medical,36.061308,-95.904768,true
304118,Seed – 71st & Riverside – Tulsa,seed-cannabis-company-riverside,1430 East 71st Street,Tulsa,Oklahoma,74136,(539) 867-2464,info@seedcannabisco.com,medical,36.06132030982457,-95.97164412490882,true
307794,Beyond The Pines,beyond-the-pines,28 W MacArthur St,Shawnee,Oklahoma,74804,(405) 585-6969,beyondthepinesok@gmail.com,medical,35.362003,-96.924941,true
309436,Apothecary Farms - Tulsa,apothecary-farms-tulsa,4942 S Union Ave,Tulsa,Oklahoma,74107,(918) 922-7710,tulsa@apothecaryfarms.com,medical,36.0921,-96.01198,true
335317,American Cannabis Company - Lawton - Drive Thru,american-cannabis-company-lawton,3142 NW Cache Rd,Lawton,Oklahoma,73505,(405) 200-1017,acc.ecom.marketing@gmail.com,medical,34.62311,-98.4342,true
304563,Dank Vault,dank-vault,210 WEST 3RD ST,Terlton,Oklahoma,74081,(918) 757-2400,lorgeosage@protonmail.com,medical,36.187852,-96.492074,true
306370,Rocky's Pot Shop,rocky-s-pot-shop,17412 Ne 23rd St,Choctaw,Oklahoma,73020,(405) 347-9007,rockyspotshop@gmail.com,medical,35.492908,-97.223042,true
62833,The Cannabis Refinery - Edmond 24/7 Drive Thru,the-cannabis-refinery,180 W. 15th Street,Edmond,Oklahoma,73013,(405) 512-3000,thecannabisrefinery@gmail.com,medical,35.637746,-97.486909,true
312945,Flavor Chasers Dispensary - Drive Thru,flavor-chasers-dispensary,2036 E 81st St,Tulsa,Oklahoma,74137,(918) 209-5078,flavorchasersdispensary@gmail.com,medical,36.04631,-95.96038,true
332992,Kush Gardens - Shawnee,kush-gardens-shawnee,4903 N Union Ave,Shawnee,Oklahoma,74804,(405) 777-2188,kgshawnee@kushgardensusa.com,medical,35.385565,-96.9193,true
63994,Uptown Wellness,uptown-wellness,1215 S Houston Avenue,Tulsa,Oklahoma,74127,(918) 938-4020,420.uptown.wellness@gmail.com,medical,36.144404,-95.997701,true
303420,Cimarron Pharma,cimarron-pharma,120 E Hwy 54,Guymon,Oklahoma,73942,(580) 819-1193,office@cimarronpharma.com,medical,36.677591,-101.4805,true
66273,GreenHub Cannabis Club,greenhub-cannabis-club,6122 S Garnett RD Ste C,Tulsa,Oklahoma,74012,(918) 955-5388,Greenhubcc@gmail.com,medical,36.07478,-95.85151,true
310109,Dank Plug - Yukon,dank-plug,1601 s morgan road,Oklahoma City,Oklahoma,73128,(405) 430-3133,Dankplugyukon@gmail.com,medical,35.4491,-97.6895,true
66040,Divine Herbs Cannabis Clinic,divine-herbs-cannabis-clinic,8801 Se 29th Street Suite A,Midwest City,Oklahoma,73110,(405) 968-3120,DivineHerbs.CannabisClinic@gmail.com,medical,35.437289,-97.374183,true
365261,Weed Stop,weed-stop,1800 SW FRANK PHILLIPS BLVD,Bartlesville,Oklahoma,74003,(918) 200-9589,okiehighlandfarms@gmail.com,medical,36.751959,-95.998911,true
334387,High Society - I-35 & Main - 24/7,high-society-i-35-main,2541 W Main St,Norman,Oklahoma,73069,(405) 857-9152,josh@highsocietyok.com,medical,35.21858,-97.47987,true
317782,Danks Cannabis - Jenks,lemon-cannabis-2,329 S Elm St,Jenks,Oklahoma,74037,(918) 995-2469,hidank247@gmail.com,medical,36.01935,-95.97527,true
305656,Eden Rose Dispensary - South,hiyah-green-medicinals,920 SW 104th St,Oklahoma City,Oklahoma,73139,(405) 237-3549,sbranch4466@gmail.com,medical,35.362855,-97.531769,true
313351,High Rise Wellness,high-rise-wellness-1,6434 NW 39th Expy,Bethany,Oklahoma,73008,(405) 974-0319,highrisewellnessok@gmail.com,medical,35.510874,-97.626569,true
61816,Terra Wellness,terra-wellness,8501 SW 59th St,Oklahoma City,Oklahoma,73179,(405) 261-2123,contact@terrawellnessok.com,medical,35.406764,-97.663331,true
356473,Lit up cannabis,lit-up-cannabis,1289 w Broadway,McLoud,Oklahoma,74851,(405) 964-5557,Litupcannabismcloud@gmail.com,medical,35.435804,-97.106456,true
64030,Affordable Medical Cannabis - Claremore,affordable-medical-cannabis,321 S Lynn Riggs Blvd,Claremore,Oklahoma,74017,(918) 215-6044,affordablemedicalinc1@gmail.com,medical,36.30987,-95.61778,true
338909,Air Capital Dispensary LLC,air-capital-dispensary-llc,108 South Main St.,Blackwell,Oklahoma,74631,(580) 670-5578,aircapitaldispensary@outlook.com,medical,36.80393,-97.28259,true
334248,Dazed on Route 66,dazed-on-route-66,3801 North Portland Ave,Oklahoma City,Oklahoma,73112,(405) 562-0627,dazedonroute66@gmail.com,medical,35.510022,-97.583782,true
339154,Herbal Meds Dispensary - Drive Thru,herbal-meds-dispensary-1,3018 E Pine St,Tulsa,Oklahoma,74110,(918) 584-8571,herbalmedsdispo@gmail.com,medical,36.17676,-95.94456,true
302164,Kush Gardens - Rockwell,kush-gardens-oklahoma-city,"1501 N Rockwell Ave Oklahoma City, OK 73127",Oklahoma City,Oklahoma,73127,(405) 353-1171,kgrockwell@kushgardensusa.com,medical,35.484877,-97.637187,true
304090,Freedom Cannabis Dispensary,freedom-cannabis-dispensary,4301 SE 15th ST,Del City,Oklahoma,73115,(405) 724-8484,Freedom.cannabis.dispensary@gmail.com,medical,35.450016,-97.441085,true
315940,Goodies Ganja Express,goodies-ganja-express,4401 NW 63rd,Oklahoma City,Oklahoma,73116,(405) 849-4787,goodiesganjaexpress@gmail.com,medical,35.537215,-97.599302,true
336262,Nexleaf Dispensary,nexleaf-dispensary,7515 S Pennsylvania Ave Ste G,Oklahoma City,Oklahoma,73159,(405) 569-8645,admin@nexleafok.com,medical,35.3909,-97.54798,true
68040,Nature's Kiss - Tulsa 24/7,nature-s-kiss-tulsa,9136 S. Sheridan Rd Suite A,Tulsa,Oklahoma,74133,(918) 289-0028,tulsasouth@natureskissmmj.net,medical,36.031014,-95.904804,true
319864,GREEN PLUS - RENO POWERED BY NEXT ELEVATION,twice-baked-edibles-llc-dba-green-plus-2,108 S. Rockwell Ave,Oklahoma City,Oklahoma,73127,(405) 730-6363,Greenplusreno0420@gmail.com,medical,35.464865,-97.636123,true
326879,High Society - South May - 24/7,high-society-south-may,7445 S May Ave,Oklahoma City,Oklahoma,73159,(405) 724-7182,brandy@highsocietyok.com,medical,35.39193,-97.56604,true
332994,MT Dank Tank,dank-tank-el-reno,1301 South Rock Island Avenue,El Reno,Oklahoma,73036,(405) 850-7329,mtdanktank@gmail.com,medical,35.522179,-97.952186,true
64554,Nurses Station - Drive Thru!,nurses-station,7040 NW 122nd St,Oklahoma City,Oklahoma,73142,(405) 506-0503,nursesstationok@gmail.com,medical,35.5943,-97.63812,true
305084,ReLeaf Organix - Drive Thru Open!,releaf-organix,2505 SW 59th St,Oklahoma City,Oklahoma,73119,(405) 471-7637,releaforganix@gmail.com,medical,35.406555,-97.557205,true
315947,Vintage Smoke Dispensary,vintage-smoke-dispensary,1215 36th Ave NW,Norman,Oklahoma,73072,(405) 857-8214,miranda@bluecollarcriminals.com,medical,35.23328,-97.49435,true
59684,Highway 2 Health,cbd-plus-usa-del-city,5101 SE 29th St.,Del City,Oklahoma,73115,(405) 393-0928,highway2healthcbd@gmail.com,medical,35.435871,-97.42629,true
301272,Kush Gardens - Okmulgee,kush-gardens-okmulgee,1023 East 6th St,Okmulgee,Oklahoma,74447,(918) 777-3800,kushgardensusa@gmail.com,medical,35.623734,-95.959103,true
62970,Buddy Green's Cannabis Co.,buddy-green-s-cannabis-co,8805 S Western,Oklahoma City,Oklahoma,73139,(405) 815-0049,buddygreen66@gmail.com,medical,35.378865,-97.530715,true
310678,Freedom Road - South OKC,freedom-road-okc,8601 S I-35 Service Rd,Oklahoma City,Oklahoma,73149,(405) 665-7623,okcsouth@freedomroad.com,medical,35.380536,-97.496141,true
59806,Likewise Cannabis Broadway - Edmond Dispensary,likewise-broadway-edmond-dispensary,412 South Broadway,Edmond,Oklahoma,73034,(405) 546-8598,corbin@likewisecannabis.com,medical,35.6505,-97.481475,true
342837,Nexleaf Dispensary - Edmond,nexleaf-dispensary-edmond,1310 S Broadway,Edmond,Oklahoma,73013,(405) 569-8685,admin@nexleafok.com,medical,35.621432,-97.476772,true
64728,Koli Cannabis -Catoosa,koli-cannabis-east,1555 N HIGHWAY 66 STE B,Catoosa,Oklahoma,74015,(918) 379-5044,kolicannabis@gmail.com,medical,36.1774,-95.75,true
62565,Green Plus - Moore,green-plus-moore,1280 N. Eastern Ave. Suite C,Moore,Oklahoma,73160,(405) 378-2267,greenplusmoore@gmail.com,medical,35.347917,-97.476697,true
63549,Buddies Cannabis Co,buddies-cannabis-co-1,1224 Alameda St,Norman,Oklahoma,73071,(405) 310-2463,buddiescannabis.co@gmail.com,medical,35.218049,-97.422604,true
314533,Full Power Cannabis - Taxes not included,full-power,16509 Network Ave Unit C,Edmond,Oklahoma,73012,(405) 906-2632,info@fullpowerok.com,medical,35.639155,-97.589185,true
67654,Kush Gardens - Enid,kush-gardens-enid,921 S Oakwood Road Suite C,Enid,Oklahoma,73703,(580) 402-8211,kushgardensusa@gmail.com,medical,36.387972,-97.925304,true
301112,Majestic Jane,majestic-jane-8,1004 S Main Street,Muldrow,Oklahoma,74948,(918) 503-4141,majesticjane8@gmail.com,medical,35.40149,-94.59856,true
314346,The Purple Dragon,the-purple-dragon-1,1314 W Gore Blvd.,Lawton,Oklahoma,73501,(580) 699-7474,justin@thepurpledragonlawton.com,medical,34.608257,-98.408855,true
65999,Likewise Cannabis Craft - OKC Dispensary,likewise-craft-okc-dispensary,6808 N MAY AVE,Oklahoma City,Oklahoma,73116,(405) 412-2448,corbin@likewisecannabis.com,medical,35.540408,-97.565234,true
59692,Gifted Cannabis Co - Surrey Hills,cbd-plus-usa-yukon,10932 NW Expressway STE A,Yukon,Oklahoma,73099,(405) 883-6113,Gifteddispensary@gmail.com,medical,35.591697,-97.71764,true
61602,Black Purple Kush,black-purple-kush-inc,4735 S MEMORIAL DR.,Tulsa,Oklahoma,74145,(539) 867-3872,blackpurplekush@outlook.com,medical,36.095105,-95.886072,true
309531,Trading Post Cannabis Company,trading-post-cannabis-company,628 North Main Street,Newcastle,Oklahoma,73065,(405) 203-9314,casey@gasdiehler.com,medical,35.25402,-97.599701,true
62848,High Society - Warr Acres 24/7,high-society-4,5900 NW 50th St. Suite B,Warr Acres,Oklahoma,73122,(405) 730-2441,info@highsocietyok.com,medical,35.522022,-97.619429,true
316870,GrassHopper Dispensary,grasshopper-dispensary-1,5150 S Memorial Drive,Tulsa,Oklahoma,74145,(918) 710-4690,sales@grasshopperdispensaries.com,medical,36.08934,-95.88664,true
62318,Urban Leaf Company - Drive Thru,urban-leaf-company-1,17990 NE 23rd St.,Choctaw,Oklahoma,73020,(405) 347-9100,URBANLEAFCOMPANY@GMAIL.COM,medical,35.49344,-97.212502,true
65195,Utokem,utokem,13692 OK-20,Claremore,Oklahoma,74017,(918) 923-7081,Utokem420@gmail.com,medical,36.30697,-95.58419,true
61239,Oasis Healing Center,oasis-healing-center,1013 SW 19th Street,Moore,Oklahoma,73160,(405) 676-5573,admin@oasishealingcenters.com,medical,35.320749,-97.509163,true
310981,Top Kush Only,top-kush-only-1,1428 West Britton Road,Oklahoma City,Oklahoma,73114,(405) 849-9655,topkushonly@gmail.com,medical,35.56538945342945,-97.53869114677319,true
318128,Dank Banq - Owasso 24/7,dank-banq-owasso,8571 N Owasso EXPY Unit A-2,Owasso,Oklahoma,74055,(539) 208-5082,dankbankretail@gmail.com,medical,36.27768,-95.84679,true
301463,Fire Ranch Farmacy,fire-ranch-farmacy,3215 E Waterloo Rd.,Edmond,Oklahoma,73034,(405) 888-2268,miranda@bluecollarcriminals.com,medical,35.725369,-97.439381,true
337770,Penn Dispensary,penn-dispensary,4217 s Pennsylvania ave,Oklahoma City,Oklahoma,73119,(405) 270-0707,penndispensary28@gmail.com,medical,35.423015,-97.54827,true
307478,Flower Factory Fine Cannabis,flower-factory-fine-cannabis,1510 Hoppe Blvd,Ada,Oklahoma,74820,(580) 279-0905,floweronproductions@gmail.com,medical,34.789712,-96.659592,true
362765,High Society - Edmond - 24/7,high-society-15,Lleytons Ct Ste 106,Edmond,Oklahoma,73013,(405) 849-6157,Lee@highsocietyok.com,medical,35.625829,-97.552136,true
307884,Flower Power Cannabis Co,flower-power-cannabis-co,220 SE 19th Street,Moore,Oklahoma,73160,(405) 676-5075,flowerpowerokc@gmail.com,medical,35.319537,-97.482881,true
334327,The Jive Dispensary - Tulsa,the-jive-dispensary-1,10922 S Memorial Dr.,Tulsa,Oklahoma,74133,(918) 970-4676,tjsclaremore@gmail.com,medical,36.00462,-95.8872,true
60653,Pharmhouse 788,guzman-enterprises-llc-dba-pharm-788,480858 US Hwy 64,Roland,Oklahoma,74954,(918) 503-6023,contactpharm788@gmail.com,medical,35.404364,-94.463269,true
304176,NEXT ELEVATION 2,next-elevation-2,1150 E cedar lane rd suite 100,Norman,Oklahoma,73072,(405) 237-0175,nextelevation2@gmail.com,medical,35.174701,-97.424149,true
68064,Seed – 42nd & Sheridan – Tulsa,seed-cannabis-company-sheridan,4209 S Sheridan,Tulsa,Oklahoma,74145,(539) 867-4645,info@seedcannabisco.com,medical,36.10168,-95.904177,true
321145,American Cannabis Company - 29th Street - Drive Thru,american-cannabis-29th-street,2720 SW 29th St,Oklahoma City,Oklahoma,73119,(405) 666-5738,acc.ecom.marketing@gmail.com,medical,35.434854,-97.562377,true
67958,Stability Cannabis - S Meridian,stability-on-meridian,1043 S Meridian Ave,Oklahoma City,Oklahoma,73108,(405) 724-8466,tony.hill@stabilitycannabis.com,medical,35.454384,-97.601663,true
312144,Green Supreme Dispensary,green-supreme-dispensary-3,2311 N Harvey Road,Seminole,Oklahoma,74868,(405) 303-2608,greensupremeseminole@gmail.com,medical,35.243584,-96.654889,true
65396,UWD - Norman,uwd-norman,1304 Lindsey Plaza Dr.,Norman,Oklahoma,73071,(405) 310-6100,uwdok1@gmail.com,medical,35.201894,-97.422502,true
312787,Elixir Dispensary,elixir-dispensary,8035 S. Mingo Road,Tulsa,Oklahoma,74133,(918) 615-6628,info@elixirdispensary.com,medical,36.04685,-95.86841,true
65152,Woke Wellness - NW OKC,woke-wellness-nw-okc,12415 N Rockwell Ave,Oklahoma City,Oklahoma,73142,(405) 367-7198,purchasing@wokewellnessokc.com,medical,35.596219,-97.639041,true
66324,CannaJacks - Grove,cannajacks-2,10001 US HWY 59 N,Grove,Oklahoma,74344,(918) 791-3292,CannaJacks@gmail.com,medical,36.626311,-94.814765,true
337735,Noble Cannabis Co Dispensary,noble-cannabis-co-dispensary,2202 Tecumseh Dr,Norman,Oklahoma,73069,(405) 217-2532,Autumn@noblecannabisco.com,medical,35.26401,-97.47412,true
303482,Lotus Gold - Kingfisher,lotus-gold-kingfisher,523 N Main Streeet,Kingfisher,Oklahoma,73750,(405) 200-1386,healthexpress2h@gmail.com,medical,35.865868,-97.932356,true
314359,Happy Little Trees,happy-little-trees,6605 N May,Oklahoma City,Oklahoma,73116,(405) 889-0895,6605nmay@gmail.com,medical,35.538655,-97.566057,true
301411,That One Place Dispensary - Bethany,that-one-place-dispensary-bethany,2407 N Council Rd,Bethany,Oklahoma,73008,(405) 506-0290,info@thatoneplaceok.com,medical,35.494117,-97.654715,true
375882,Livwell Meds Ardmore,livwell-meds-ardmore,1441 West Broadway,Ardmore,Oklahoma,73401,(580) 798-3993,livwellmedsardmore@gmail.com,medical,34.174933,-97.147935,true
66828,Botanical Cloud Co. LLC,botanical-cloud-co-llc,104 W Ray Fine Blvd Suite 1,Roland,Oklahoma,74954,(918) 571-6405,BotanicalCloud@outlook.com,medical,35.404587,-94.515841,true
302308,64 Dispensary,64-dispensary-65,1233 SW Sheridan Rd,Lawton,Oklahoma,73505,(580) 699-3331,64dispensary@gmail.com,medical,34.594969,-98.424938,true
65407,Kush Gardens - Ponca City,kush-gardens-6,721 N 14th St,Ponca City,Oklahoma,74601,(580) 749-5732,kushgardensusa@gmail.com,medical,36.71132,-97.06702,true
307431,Red Dirt Experience - Mustang,red-dirt-experience,1036 E State Hwy 152 #140,Mustang,Oklahoma,73064,(405) 806-5110,RED420DIRT@GMAIL.COM,medical,35.390516,-97.703865,true
58793,Memorial Drive Dispensary,memorial-drive-dispensary,4419 S Memorial Dr,Tulsa,Oklahoma,74145,(918) 998-1984,mariah@memorialdrivedispensary.com,medical,36.098748,-95.885947,true
67296,NexLeaf Dispensary - West,uncle-john-s-dispensary-1,11 South Council Road,Oklahoma City,Oklahoma,73127,(405) 470-2420,Admin@nexleafok.com,medical,35.46522,-97.65473,true
332993,Kush Gardens - Muskogee,kush-gardens-muskogee,2604 Chandler Rd,Muskogee,Oklahoma,74403,(539) 239-2002,kgmuskogee@kushgardensusa.com,medical,35.74093,-95.33541,true
313669,Freedom Cannabis Dispensary - Sulphur,freedom-cannabis-dispensary-sulphur,2600 W Broadway,Sulphur,Oklahoma,73086,(580) 622-3733,freedomdispo@gmail.com,medical,34.506668,-97.002785,true
309026,OKC 10 DISPENSARY,okc-10-dispensary,1028 NORTH MACARTHUR BOULEVARD SUITE A,Oklahoma City,Oklahoma,73127,(405) 768-4396,okc10dispo@gmail.com,medical,35.478417,-97.618433,true
374446,SUPER FIRE CANNABIS,super-fire-dispensary-40th-st,2130 NW 40TH STREET,Oklahoma City,Oklahoma,73112,(405) 724-7787,okc10dispo@gmail.com,medical,35.512767,-97.548683,true
302167,Kush Gardens - Woodward,kush-gardens-woodward,2920 8th Street Woodward OK 73801,Woodward,Oklahoma,73801,(580) 290-5076,KGwoodward@kushgardensusa.com,medical,36.417059,-99.388842,true
314316,Bloom Cannabis Co - Mustang,bloom-cannabis-co-mustang,234 N Mustang Rd,Mustang,Oklahoma,73064,(405) 256-6027,sbranch4466@gmail.com,medical,35.39313,-97.72448,true
63383,Lifted Spirits - Tahlequah,lifted-spirits-2,1354 S Muskogee Ave,Tahlequah,Oklahoma,74464,(918) 506-4600,Liftedspiritsok@gmail.com,medical,35.89898,-94.976046,true
59147,Higher Health Monkey Island,higher-health,26428 South Hwy 125,Afton,Oklahoma,74331,(918) 219-5888,higherhealthok@gmail.com,medical,36.63449,-94.87325,true
59661,Anchored Cannabis Company - Newcastle,anchored-cannabis-company-newcastle,2120 N. Main,Newcastle,Oklahoma,73065,(405) 748-0931,newcastle@lotusgold.com,medical,35.27203,-97.599461,true
335206,Rocking Y Dispensary,rocking-y-dispensary,69884 E 100 Rd,Wyandotte,Oklahoma,74370,(918) 999-4420,rockingydispo@gmail.com,medical,36.87017,-94.62469,true
379549,OKIE WONDERLAND MIAMI: NOW OPEN!,okie-wonderland-miami,10875 US-69,Miami,Oklahoma,74354,(918) 238-1169,okieswonderland@gmail.com,medical,36.859882,-94.904529,true
314008,American Cannabis Company - NW 122nd St,american-cannabis-company-nw-122nd-st,7025 NW 122nd ST,Oklahoma City,Oklahoma,73142,(405) 669-3505,acc.ecom.marketing@gmail.com,medical,35.595039,-97.638019,true
303252,Cannatopia Tulsa,cannatopia-tulsa,9999 S Mingo Road Suite V,Tulsa,Oklahoma,74133,(918) 957-4252,mleeds@cannatopiaok.com,medical,36.018421,-95.867367,true
60525,Emerald Alley,peak-green-wellness,1141 NW 1st St,Oklahoma City,Oklahoma,73106,(405) 208-8232,EmeraldAlleyDispensary@gmail.com,medical,35.469171,-97.532003,true
59808,East Village Dispensary,the-east-village-dispensary,202 South Lansing Avenue Suite A,Tulsa,Oklahoma,74120,(918) 900-4181,tulsahod@gmail.com,medical,36.1576,-95.981531,true
346257,Gladiator Cannabis,gladiator-cannabis,588 buchanan,Norman,Oklahoma,73069,(405) 857-7121,Lia@gladiatorcannabis.com,medical,35.211535,-97.44481,true
308032,Nova Cannabis of Marietta,nova-cannabis-of-marietta,108 W Main Street,Marietta,Oklahoma,73448,(580) 238-6940,novacannabisma@gmail.com,medical,33.937469,-97.117232,true
324183,Super Fire Dispensary,super-fire-dispensary,12933 NE 23rd Street,Choctaw,Oklahoma,73020,(405) 987-0549,superfirenicoma@hotmail.com,medical,35.49244,-97.33101,true
383190,Nature's Cure Dispensary,nature-s-cure-dispensary-3,6220 NW EXPRESSWAY,Oklahoma City,Oklahoma,73132,(405) 730-6080,mdinger@edenrosedispensaries.com,medical,35.552025,-97.626375,true
303143,Native Leaf Dispensary,native-leaf-dispensary-llc,3412 SE 15th,Del City,Oklahoma,73115,(405) 601-2942,NativeLeafDispensary@gmail.com,medical,35.449461,-97.451531,true
301407,Lifted Spirits Muskogee,lifted-spirits-3,1910 N York St Suite A,Muskogee,Oklahoma,74403,(918) 912-2038,Liftedspiritsmuskogee@gmail.com,medical,35.76652,-95.340206,true
61177,Happa Wellness,happa-wellness,10908 N Western Avenue,Oklahoma City,Oklahoma,73114,(405) 608-4949,happallc@gmail.com,medical,35.580809,-97.530859,true
302543,Fire Leaf - Guthrie,fire-leaf-guthrie,2223 E Oklahoma Ave,Guthrie,Oklahoma,73044,(405) 877-3239,fireleaf2223@gmail.com,medical,35.878,-97.3972,true
306982,Dank Factory,dank-factory,11330 N Garnett RD STE K,Owasso,Oklahoma,74055,(918) 212-4788,john@dankfactoryok.com,medical,36.319122,-95.849051,true
305451,American Cannabis Company - Moore,american-cannabis,1913 S Telephone Rd,Moore,Oklahoma,73160,(405) 876-7209,acc.ecom.marketing@gmail.com,medical,35.320026,-97.494745,true
60465,The Releaf Clinic,the-releaf-dispensary,1902 NW Cache Rd Ste A,Lawton,Oklahoma,73507,(580) 591-2606,releafclinic420@gmail.com,medical,34.622946,-98.416434,true
308352,Big Chief Collective Duncan,native-therapeutics-ltd-co-dba-big-chief-collective-duncan,2239 N Hwy 81,Duncan,Oklahoma,73533,(580) 606-6888,bigchiefcollectiveduncan@gmail.com,medical,34.518,-97.97012,true
328499,In The Weeds,in-the-weeds,2315 E Lindsey St,Norman,Oklahoma,73071,(405) 857-7705,intheweedsok@gmail.com,medical,35.20394,-97.40734,true
302282,Grands Golden Canna,grands-golden-canna,4621 US-59,Grove,Oklahoma,74344,(918) 791-0728,grandsgolden@gmail.com,medical,36.608521,-94.798609,true
315612,Xclusive Cannabis Oklahoma - South Penn,xclusive-cannabis-oklahoma-south-penn,7621 S Pennsylvania Ave,Oklahoma City,Oklahoma,73159,(217) 697-4186,penn@bluecollarcriminals.com,medical,35.389915,-97.548127,true
60258,Oklahoma Home Grown OHG - East Tulsa,ohg-oklahoma-home-grown,9954 East 21st Street,Tulsa,Oklahoma,74129,(918) 561-6087,Ohgismyhappyplace@gmail.com,medical,36.132381,-95.865717,true
61105,Green Canopy Solutions,green-canopy-solutions-inc,581 N. Lynn Riggs,Claremore,Oklahoma,74017,(918) 965-1234,greencanopysolutions@gmail.com,medical,36.317134,-95.613741,true
64449,Seed – 6th & Peoria – Tulsa,seed-cannabis-company,623 S. Peoria Ave,Tulsa,Oklahoma,74120,(539) 867-1880,info@seedcannabisco.com,medical,36.15145149066758,-95.9752578058741,true
60426,Tulsa Dispensary,tulsa-dispensary-1,5910 S. 107th East Ave,Tulsa,Oklahoma,74146,(918) 872-1100,Tulsadispensary@gmail.com,medical,36.076294,-95.858016,true
64798,American Cannabis Company - S. Western,american-cannabis-company-5,6600 S Western Ave Ste A,Oklahoma City,Oklahoma,73139,(405) 400-9993,acc.ecom.marketing@gmail.com,medical,35.40034,-97.529708,true
66285,Green Culture - Miami,green-culture-miami,1429 E Steve Owens Blvd,Miami,Oklahoma,74354,(918) 919-3471,greenculture10@gmail.com,medical,36.871547,-94.86247,true
305729,Kush Gardens - Guymon,kush-gardens-8,1315 US-54,Guymon,Oklahoma,73942,(580) 324-4668,kushgardensusa@gmail.com,medical,36.68746,-101.46785,true
61426,House of Dank - Catoosa,house-of-dank-catoosa,"750 S. Cherokee St., Ste B",Catoosa,Oklahoma,74015,(918) 416-8824,houseofdankcatoosa@gmail.com,medical,36.177445,-95.751174,true
302351,American Cannabis Company - Warr Acres,american-cannabis-company-10,3933 n MacArthur blvd,Warr Acres,Oklahoma,73122,(405) 400-9997,acc.ecom.marketing@gmail.com,medical,35.510834,-97.620106,true
302600,Gas House Dispensary - SOUTH,gas-house-dispensary,535 Se 59th Suite A,Oklahoma City,Oklahoma,73129,(405) 900-5221,gashousedispensary@yahoo.com,medical,35.406801,-97.499476,true
322661,Livwell Meds Sulphur,livwell-meds-sulphur,117 West Muskogee Avenue,Sulphur,Oklahoma,73086,(580) 622-4077,livwellmedssulphur@gmail.com,medical,34.50695,-96.96943,true
59241,Friendly Market on Hefner,friendly-market,2222 W. Hefner Rd. Ste D,The Village,Oklahoma,73120,(405) 608-8871,brighton@friendlymarket.net,medical,35.579811,-97.553511,true
331341,HAQS1000,haqs1000,5012 South Sooner Rd,Guthrie,Oklahoma,73044,(405) 877-3223,haqs1000@hotmail.com,medical,35.827038,-97.425307,true
64897,Stability Cannabis - NW 63rd and May,stability-on-may,2901 NW 63rd St,Oklahoma City,Oklahoma,73116,(405) 463-0143,tony.hill@stabilitycannabis.com,medical,35.536862,-97.566023,true
314810,Mid-West Grass Station LLC,mid-west-grass-station-llc,301 E 1st Ave,Bristow,Oklahoma,74010,(539) 204-8337,mwgrassstationllc@gmail.com,medical,35.82849,-96.38694,true
342387,Smoky Mountain Medicine,smokey-mountain-medicine,"1408 S MACARTHUR BLVD, BLDG I",Oklahoma City,Oklahoma,73128,(405) 900-5002,smokymountainmedicinellc@gmail.com,medical,35.45121,-97.617585,true
304368,Raw Wellness,raw-wellness,804 E. Main St.,Cushing,Oklahoma,74023,(918) 306-4040,rawwellnessok@gmail.com,medical,35.984849,-96.758026,true
305459,Grand Ave Haze,grand-ave-haze,1520 N Grand Ave,Enid,Oklahoma,73701,(580) 297-4192,grandavenuehaze@gmail.com,medical,36.41151,-97.87816,true
59681,Anchored Cannabis - Guthrie,anchored-cannabis-guthrie,1726 S. Division Blvd.,Guthrie,Oklahoma,73044,(405) 393-0930,guthrie@cbdplususa.com,medical,35.86042,-97.423345,true
334687,LIVWELL MEDS OF CALERA INC,livwell-meds-of-calera-inc,"5099 US Highway 69 Calera, OK 74730",Calera,Oklahoma,74730,(580) 296-2015,livwellmedscalera@gmail.com,medical,33.88457,-96.49364,true
62503,Wild Horse Dispensary,wild-horse-dispensary,551 E. State Hwy 152 Suite 2A,Mustang,Oklahoma,73064,(405) 353-7138,wildhorsedispensary@gmail.com,medical,35.392833,-97.714123,true
59242,Friendly Market on Porter,friendly-market-norman,301 S. Porter Ave. Ste 130,Norman,Oklahoma,73069,(405) 701-7017,robert@friendlymarket.net,medical,35.220731,-97.437619,true
61146,Blue Collar Criminals,blue-collar-criminals,1015 NW 1st Street,Oklahoma City,Oklahoma,73106,(405) 992-0558,sales@bcccollective.com,medical,35.46923,-97.529651,true
377421,Medical Man Wellness,medical-man-wellness,6733 nw 50,Bethany,Oklahoma,73008,(405) 441-4507,riley.way.prop@gmail.com,medical,35.522608,-97.631777,true
316928,Chouteau House of Fire - 24/7 (Never Closed),sun-valley-management-llc-dba-chouteau-house-of-fire,1400 S Choutea,Chouteau,Oklahoma,74337,(918) 476-0552,team@tulsahouseoffire.com,medical,36.1708,-95.34114,true
61628,Keystone Alternative Medicine,keystone-alternative-medicine,103 Bill Phelps Ave,Mannford,Oklahoma,74044,(918) 306-9570,Worrybgone21@gmail.com,medical,36.125644,-96.35649,true
401472,The Lakehouse Dispensary,the-lakehouse-dispensary-1,10621 E State Hwy 9,Norman,Oklahoma,73026,(405) 217-2107,bakersmedical@gmail.com,medical,35.189969,-97.284078,true
340869,Daily Greens,daily-greens,3925 E FRANK PHILLIPS BLVD STE C,Bartlesville,Oklahoma,74006,(918) 815-9767,dailygreensllc@gmail.com,medical,36.75008,-95.932415,true
376320,Outback Cannabis,outback-cannabis,8323 120TH AVE NE,Norman,Oklahoma,73026,(405) 928-9978,outbackcannabis@gmail.com,medical,35.3189,-97.26537,true
390220,Goodies Ganja Express-Edmond,goodies-ganja-express-edmond,2924 E. Memorial Road,Edmond,Oklahoma,73013,(405) 600-0309,goodiesganjaexpress@gmail.com,medical,35.608742,-97.460952,true
384057,Chiefin Meds 2,chiefin-meds-2,850 S Mill St,Pryor,Oklahoma,74361,(918) 825-0890,Chiefinpryor@gmail.com,medical,36.293333,-95.324443,true
400719,Killa-Cali's Dispensary LLC,killa-cali-s-dispensary-llc,806 S. BROADWAY ST.,Poteau,Oklahoma,74953,(918) 564-2393,kcalidispodd@gmail.com,medical,35.0496,-94.628352,true
384695,Hidden Gemz - Sunnylane Rd,hidden-gemz-sunnylane-rd,5917 S Sunnylane Rd,Oklahoma City,Oklahoma,73135,(405) 361-6984,mrgreen116111@gmail.com,medical,35.407104,-97.441772,true
374435,Dank Banq - Glenpool,dank-banq-glenpool,13704 S. Union Place,Glenpool,Oklahoma,74033,(918) 322-8094,dankbankretail@gmail.com,medical,35.963679,-96.012213,true
321092,High Society - East Norman - 24/7,high-society-norman-12th-ave,1400 12th Avenue SE,Norman,Oklahoma,73071,(405) 857-2558,abigailg@highsocietyok.com,medical,35.213406,-97.423637,true
406604,Rocking Y Dispensary Glenpool,rocking-y-dispensary-glenpool,14050 S PEORIA AVE #108 & #109,Bixby,Oklahoma,74033,(918) 954-4138,rockingydispo@gmail.com,medical,35.9598,-95.97655,true
374014,Space Station Dispensary LLC,space-station-dispensary-llc,300 E Franklin St Ste C,Haskell,Oklahoma,74436,(539) 766-5920,thespacestation.dispo@gmail.com,medical,35.82087,-95.67198,true
408614,Exclusive Pharmacy,exclusive-pharmacy-1,5700 SE 74th St. Suite 500,Oklahoma City,Oklahoma,73135,(405) 931-3522,Marketing@stabilitycannabis.com,medical,35.391532,-97.421228,true
380499,Native Medicine,native-medicine-2,117 E CHEROKEE AVE,Nowata,Oklahoma,74048,(918) 467-0467,nativemedicine918@gmail.com,medical,36.700614,-95.637262,true
380494,Native Medicine Chelsea,native-medicine-chelsea,219 E Layton Ave,Chelsea,Oklahoma,74016,(918) 789-8194,nativemedicine918@gmail.com,medical,36.539473,-95.422663,true
406508,NexLeaf Dispensary - Midwest City,nexleaf-dispensary-west,9113 NE 23RD ST,Oklahoma City,Oklahoma,73141,(405) 887-7490,admin@nexleafok.com,medical,35.49337,-97.36767,true
381929,Ponca City Dispensary,ponca-city-dispensary-3,2128 N 14th St,Ponca City,Oklahoma,74601,(580) 716-0425,beezilla360@gmail.com,medical,36.729348,-97.067933,true
303147,Green Plus - Powered by Next Elevation,green-plus-tuttle-1,5 S. Sara Rd.,Tuttle,Oklahoma,73089,(405) 237-0345,mwigley420@outlook.com,medical,35.2903,-97.7069,true
378360,99's Finest,99-s-finest,9534 S Hwy 99,Prague,Oklahoma,74864,(405) 434-5430,99sfinestdispo@gmail.com,medical,35.43638,-96.667179,true
380495,Dark Cloud,dark-cloud,365 S Elm,Oologah,Oklahoma,74053,(918) 859-0428,nativemedicine918@gmail.com,medical,36.442782,-95.709228,true
403330,Walker Dispensary Smoke Shop,walker-dispensary-smoke-shop,9100 S Walker Ave,Oklahoma City,Oklahoma,73139,(405) 999-2068,walkerexpress28@gmail.com,medical,35.376332,-97.520779,true
381912,Vice Stillwater Dispensary North,vice-medical-cannabis-stillwater-1,2404 N. PERKINS RD,Stillwater,Oklahoma,74075,(572) 272-8431,pcd.dowell@gmail.com,medical,36.14615,-97.05224,true
301220,Green Box,green-box-1,2640 NW 10th STE F,Oklahoma City,Oklahoma,73107,(405) 900-6800,dorisc20@gmail.com,medical,35.478246,-97.561627,true
374210,Mr. Green - 12th Street,mr-green-12th-street,1161 12th Ave NE,Norman,Oklahoma,73071,(405) 861-0431,mrgreen116111@gmail.com,medical,35.232515,-97.422802,true
331174,Anchored Cannabis Company,nextier,1536 SW 27TH ST A,El Reno,Oklahoma,73036,(405) 393-0929,elreno@stayanchored.com,medical,35.50971,-97.97047,true
401124,Gas House - Southwest,gas-house-southwest,2714 SW 29TH STREET,Oklahoma City,Oklahoma,73119,,gashousedispensary@yahoo.com,medical,35.434868,-97.562014,true
406964,Pirates Cove,pirates-cove-1,35028 S HWY 82 suite 8,Vinita,Oklahoma,74301,(918) 937-4037,piratescovelangley@gmail.com,medical,36.509295,-95.058011,true
406049,Bodega Boyz - McAlester,bodega-boyz-92,222 E Choctaw Ave,McAlester,Oklahoma,74501,(918) 916-6552,info@thebodegaboyz.com,medical,34.931171,-95.766411,true
381914,Strain Station,strain-station-5,2012 N Union,Ponca City,Oklahoma,74601,(580) 716-0407,smkonell@yahoo.com,medical,36.726219,-97.08561,true
369430,Green Delight 2,green-delight-moore,11800 South May Avenue,Oklahoma City,Oklahoma,73170,(405) 815-7033,greendelight11800@gmail.com,medical,35.350258,-97.564852,true
407673,Bodega Boyz - Ardmore,bodega-boyz-ardmore,816 12th Ave NW,Ardmore,Oklahoma,73401,(580) 798-3957,info@thebodegaboyz.com,medical,34.186856,-97.140934,true
406050,Bodega Boyz - Ada,bodega-boyz-93,1006 N Mississippi Ave,Ada,Oklahoma,74820,(580) 890-0102,info@thebodegaboyz.com,medical,34.785247,-96.669492,true
408258,Next Elevation - Norman: Opening Soon!,next-elevation-norman,2400 12th Ave NE Ste 130,Norman,Oklahoma,73071,,Nextelevationnorman@yahoo.com,recreational,35.247843,-97.424237,true
406086,The Gas Station Quail Creek,the-gas-station-quail-creek,12325 N May Suite 116,Oklahoma City,Oklahoma,73120,(405) 849-6089,thegasstation.vendors@gmail.com,medical,35.59609,-97.567977,true
406085,The Gas Station Harrah,the-gas-station-harrah,3370 S Harrah Road,Harrah,Oklahoma,73045,(405) 347-9089,thegasstation.vendors@gmail.com,medical,35.429388,-97.159245,true
406088,The Gas Station Choctaw,the-gas-station-choctaw-1,14022 SE 29th Street,Choctaw,Oklahoma,73020,(405) 931-2033,thegasstation.vendors@gmail.com,medical,35.434922,-97.281952,true
409265,EDDIE'Z - HOUSE OF EDIBLES,eddie-z-house-of-edibles,3845 North Lincoln Boulevard,Oklahoma City,Oklahoma,73105,(405) 902-2672,rthurstonceo@gmail.com,hybrid,35.510151,-97.503636,true
333604,UltraLeaf,ultraleaf,8507 S. Western Ave,Oklahoma City,Oklahoma,73139,(405) 724-7976,ultraleafok@gmail.com,medical,35.38156,-97.53083,true
321709,Sky Leaf - Midtown Tulsa Drive Thru,sky-leaf,5151 South Harvard Ave,Tulsa,Oklahoma,74135,(539) 525-0635,info@skyleafok.com,medical,36.088,-95.9396,true
312611,GroovyBudz Dispensary (Moore),groovybudz,816 SE 4th st suite B,Moore,Oklahoma,73160,(405) 676-8362,GroovyBudzdispensary@gmail.com,medical,35.33388,-97.475675,true
65540,405 Smoke,405-smoke,1015 SE 44Th ST,Oklahoma City,Oklahoma,73129,(405) 677-5816,ok405smoke@icloud.com,medical,35.421119,-97.493977,true
305970,Puffy Dispensary,puffy-dispensary,2713 S I-35 Service Rd,Oklahoma City,Oklahoma,73129,(405) 768-5165,info@puffydispensary.com,medical,35.437412,-97.486911,true
312545,Fire Depot Dispensary,fire-depot-dispensary,7825 Northeast 23rd Street,Oklahoma City,Oklahoma,73141,(405) 493-9042,Firedepotdispensary@gmail.com,medical,35.49317,-97.39084,true
66594,Waves Cannabis Co,waves-cannabis-co,9316 N Francis Ave,Oklahoma City,Oklahoma,73114,(405) 849-5335,Wavescco@gmail.com,medical,35.565371,-97.528684,true
59545,Green Roots Wellness,green-roots-wellness,533 N Portland Ave,Oklahoma City,Oklahoma,73107,(405) 673-7525,Greenrootswellnessok@gmail.com,medical,35.472436,-97.583319,true
63956,Purple Moon Dispensary - Broken Arrow,purple-moon-dispensary,401 W Kenosha St,Broken Arrow,Oklahoma,74012,(539) 292-7757,purplemoondispensary@gmail.com,medical,36.060764,-95.7948,true
304691,GrassHopper Dispensary,grasshopper-dispensary,2930 N Florence Ave,Tulsa,Oklahoma,74110,(539) 664-5229,grasshoppermarketing420@gmail.com,medical,36.196436,-95.944103,true
65828,Native Harvest - Norman - Drive Thru Available,native-harvest-llc,2505 W Main St,Norman,Oklahoma,73069,(405) 857-7103,buzz@nativeharvestfarms.com,medical,35.219364,-97.482016,true
305825,Star Buds - Chickasha,star-buds-chickasha-1,718 S 4th St,Chickasha,Oklahoma,73018,(405) 825-3424,chickasha@starbuds.us,medical,35.043306,-97.93715,true
59573,Rusty's Dispensary,rustys-dispensary,2401 West Grant Suite 2,Pauls Valley,Oklahoma,73075,(405) 331-8750,tcbgroup3@gmail.com,medical,34.740656,-97.254047,true
62449,Big Papa's Okie Toke,big-papa-s-okie-toke,4100 South 32nd St,Muskogee,Oklahoma,74401,(918) 816-5779,DreamTeam@BPOTnation.com,medical,35.699816,-95.40247,true
301891,Private Stash,private-stash,6059 S Sheridan Rd,Tulsa,Oklahoma,74145,(918) 340-5114,magicleafok@gmail.com,medical,36.075878,-95.903825,true
61074,Green Buffalo,dtn-retail,1120 N Berry Road,Norman,Oklahoma,73069,(405) 569-0066,pgberry@priscillasgarden.com,medical,35.232178,-97.459393,true
310094,Cake Cannabis Cherry Street + DRIVE THRU,cake-cannabis-cherry-street,1402 S. Peoria Avenue Suite #140,Tulsa,Oklahoma,74120,(918) 551-7023,sales@caketulsa.com,medical,36.14203,-95.976262,true
62292,Big Buds Natural Releaf,big-buds-natural-releaf,11505 E. 83rd St North,Owasso,Oklahoma,74055,,ilikebigbudstoo@gmail.com,medical,36.273716,-95.846486,true
301399,The Peak - Edmond,the-peak-fox-lake,925 W I-35 Frontage Rd Suite 124,Edmond,Oklahoma,73034,(405) 898-9366,edmond@thepeakok.com,medical,35.644455,-97.427161,true
61352,Hazy Leaf,hazy-leaf,4223 NW 10th St Suite 101,Oklahoma City,Oklahoma,73107,(405) 900-5526,Shophazyleaf@gmail.com,medical,35.479368,-97.596428,true
62296,66 Dispensary,66-dispensary,920 1/2 W 15th street,Chandler,Oklahoma,74834,(405) 352-5143,66dispensary@gmail.com,medical,35.695755,-96.891647,true
305342,Big Buds Dispensary - Pryor,big-buds-dispensary,106 S Mill,Pryor,Oklahoma,74361,,Ilikebigbudstoo@gmail.com,medical,36.305819,-95.31961,true
66238,Big Buds Dispensary - Chandler,big-buds-dispensary-chandler,1121 Manvel Ave,Chandler,Oklahoma,74834,,chandlerlikesbigbuds@gmail.com,medical,35.69882,-96.881362,true
302797,Spark - Lawton,spark-4,2619 NW Cache Rd,Lawton,Oklahoma,73505,(580) 699-8688,lawton@sparkdispensaryok.com,medical,34.623976,-98.431267,true
66232,Big Buds Dispensary - Skiatook,big-buds-dispensary-skiatook,315 E Rogers BLVD,Skiatook,Oklahoma,74070,,ilikebigbudstoo@gmail.com,medical,36.36878,-95.998167,true
66257,Big Buds Natural Releaf - Pawhuska,big-buds-natural-releaf-pawhuska,139 E Main St,Pawhuska,Oklahoma,74056,,ilikebigbudstoo@gmail.com,medical,36.663595,-96.338279,true
306948,Green Token Oklahoma,green-token-oklahoma-1,1841 NW 1st St,Oklahoma City,Oklahoma,73106,(405) 563-4738,greentokenoklahoma@gmail.com,medical,35.469084,-97.547253,true
302880,Cannabis Chemistry,cannabis-chemistry,2225 W Edmond Rd Suite 120,Edmond,Oklahoma,73003,(405) 938-5729,licensetochilldispo@gmail.com,medical,35.653373,-97.513517,true
303070,Elemental Progress,elemental-progress,601 N Mustang Road Suite A,Yukon,Oklahoma,73099,(405) 467-4214,elementalprogress@gmail.com,medical,35.4727,-97.725167,true
303289,Abide Cannabis Company - Edmond,abide-cannabis-company-1,801 S Kelly Ave,Edmond,Oklahoma,73003,(405) 216-3488,abide.cannabis@outlook.com,medical,35.647101,-97.496937,true
321024,Spark - Chickasha,spark-chickasha,2207 s 4th st,Chickasha,Oklahoma,73018,(405) 825-3188,sparkexpansion@gmail.com,medical,35.03109,-97.93483,true
63801,Leftys,lefty-s-2,2309 SW 29th St Ste E,Oklahoma City,Oklahoma,73119,(405) 900-6627,claytonelmore07@gmail.com,medical,35.435378,-97.552896,true
312065,Life Experience,l1f3-experience,"424 Sw 44th, Suite A",Oklahoma City,Oklahoma,73109,(405) 456-9536,l1f3experience@gmail.com,medical,35.420478,-97.521008,true
60449,Emerald Elite THC,emerald-elite-thc,4630 SE 29th,Del City,Oklahoma,73115,(405) 673-7585,terri@emeraldelitethc.com,medical,35.4349,-97.432786,true
63106,Lovelight Cannabis Co - Powered by Tulsa Treehouse,lovelight-cannabis-co,3618 East Admiral Place,Tulsa,Oklahoma,74115,(918) 561-6161,lovelightcannabis@icloud.com,medical,36.160529,-95.936038,true
300727,MJ Highway,mj-highway,14 North Utica Ave,Tulsa,Oklahoma,74120,(539) 867-3313,Jacob@mjhighwaytulsa.com,medical,36.160231,-95.967427,true
307506,Big Buds Dispensary - Broken Arrow,big-buds-dispensary-1,408 W Kenosha,Broken Arrow,Oklahoma,74012,,Ilikebigbudstoo@gmail.com,medical,36.061898,-95.795178,true
62405,Nature's Fix Dispensary,nature-s-fix-dispensary-llc,210 S. Chouteau Ave.,Chouteau,Oklahoma,74337,(918) 476-0544,naturesfixdispensary@gmail.com,medical,36.183885,-95.342754,true
60895,Green Flower Dispensary,green-flower-dispensary,5711 E 11th St,Tulsa,Oklahoma,74112,(918) 856-5336,greenflowerdispensary@gmail.com,medical,36.14858,-95.913066,true
301378,Big Buds Dispensary - Oolagah,big-buds-dispensary-oolagah,115 N Elm,Oologah,Oklahoma,74053,,ilikebigbudstoo@gmail.com,medical,36.446284,-95.708813,true
62297,CannaMed OK,cannamed-ok,14 Ruby Lane,Calera,Oklahoma,74730,(580) 200-2500,sales@cannamedok.com,medical,33.917891,-96.448649,true
308202,The Green Onion Dispensary,the-green-onion-dispensary,1137 SW 59th Suite A,Oklahoma City,Oklahoma,73109,(405) 768-2554,officialgreenonion59@gmail.com,medical,35.406649,-97.536509,true
66569,High Voltage Cannabis Co.,high-voltage-cannabis-co-2,1708 N Gatewood Ave Suite B,Oklahoma City,Oklahoma,73106,(405) 430-3486,Info@highvoltageokc.com,medical,35.486433,-97.539019,true
60821,Stash House - Bethany,stash-house-bethany,6810 NW 23rd Street,Bethany,Oklahoma,73008,(405) 367-7600,dispensaryokc@gmail.com,medical,35.492988,-97.633334,true
63888,Fighting Flower,fighting-flower,303 S 193rd E Ave,Tulsa,Oklahoma,74108,(918) 379-5087,fightingflower@yahoo.com,medical,36.156674,-95.761126,true
305826,Star Buds - Altus,star-buds-altus-1,1100 Falcon Rd Suite 104,Altus,Oklahoma,73521,(580) 379-0487,Altus@starbuds.us,medical,34.651945,-99.317161,true
312756,Star Buds Dispensary - Ardmore,star-buds-dispensary-ardmore,2502 Crossroads Dr D,Ardmore,Oklahoma,73401,(580) 319-7935,ardmore@starbuds.us,medical,34.179451,-97.161855,true
61468,Oz Dispensary - Surrey Hills,oz-dispensary-surrey-hills,11216 NW Express Way,Yukon,Oklahoma,73099,(405) 883-1110,Info@ozdispensaryokc.com,medical,35.59376,-97.72135,true
61918,Nectar House,nectar-house,2306 N Broadway,Poteau,Oklahoma,74953,(918) 564-2540,nectar-house@outlook.com,medical,35.076095,-94.628915,true
61661,Super High,buds-unlimited-llc,1009 SE 15th Street Unit 7,Oklahoma City,Oklahoma,73129,(405) 556-1333,superhigh132@gmail.com,medical,35.450187,-97.493555,true
63062,NLightN Cannabis Company - Texoma Labs,nlightn-cannabis-company,2010 West Main Street,Durant,Oklahoma,74701,(580) 982-0420,kim@nlightncannabis.com,medical,33.997128,-96.400395,true
308173,Fritz Fire House,fritz-fire-house,101 west Steve Owens,Miami,Oklahoma,74354,(918) 919-3458,ffhm.ok.llc@gmail.com,medical,36.870596,-94.878989,true
336264,Big Dub Pharms Dispensary,big-dub-pharms-dispensary,503 w main st,Durant,Oklahoma,74701,(580) 740-6011,jdubdispensary22@gmail.com,medical,33.99178,-96.38102,true
382629,GRAMS on Main St,grams-dispo-2,3801 W Main Street,Durant,Oklahoma,74701,(580) 920-1195,charles@loudgrams.com,medical,33.998525,-96.413505,true
312674,VannCo Dispensary,vannco-dispensary,2315 W Edison,Tulsa,Oklahoma,74127,(918) 525-7394,vannco.dispensary@gmail.com,medical,36.16137,-96.01831,true
367478,The Farmacy Dispensary,the-farmacy-oklahoma-city,8333 South Shields Boulevard Suite 600A,Oklahoma City,Oklahoma,73149,(580) 310-8071,aaamercantile2022@gmail.com,medical,35.383497,-97.50421,true
66063,Spark - Elgin,hey-buddys,7567 US Highway 277 Suite 2,Elgin,Oklahoma,73538,(580) 454-3432,Buddyselgin@gmail.com,medical,34.782195,-98.29878,true
307225,The Divine Collection,push-cannabis-co,3920 S Sheridan Rd,Tulsa,Oklahoma,74145,(918) 805-0880,tdcdispo@gmail.com,medical,36.10553,-95.90499,true
363231,EUFLORA MARIJUANA,euflora-marijuana,5701 S WESTERN AVE,Oklahoma City,Oklahoma,73109,(405) 510-1091,bholebaballc420@gmail.com,medical,35.408865,-97.530662,true
304054,Okie Genetics,okie-genetics,908 West State Hwy 152,Mustang,Oklahoma,73064,(918) 345-2068,fnfmustang@gmail.com,medical,35.3915,-97.7428,true
60069,Chronic Solutions,chronic-solutions-3,1808 W Lindsey Suite 200,Norman,Oklahoma,73069,(405) 310-3649,TandJ@okchronicsolutions.com,medical,35.203525,-97.468637,true
60429,Cowboy Cannabis Dispensary,cowboy-cannabis-dispensary,720 S WESTERN RD,Stillwater,Oklahoma,74074,(405) 614-9654,cowboy.cannabis@outlook.com,medical,36.114304,-97.087804,true
319096,Oklahoma Kush Outlet,oklahoma-kush-outlet,912 N Flood Ave,Norman,Oklahoma,73069,(213) 884-8939,oklahomakushnorman@gmail.com,medical,35.22615,-97.453415,true
317459,Big Buds Dispensary - Wagoner,big-buds-dispensary-wagoner,706 W CHEROKEE ST,Wagoner,Oklahoma,74467,(800) 999-9999,ilikebigbudstoo@gmail.com,medical,35.95996,-95.38659,true
300581,Honey Creek Cannabis,honey-creek-cannabis,2616 N Shartel Ave,Oklahoma City,Oklahoma,73103,(405) 227-8381,honeycreekcannabis@gmail.com,medical,35.496177,-97.525539,true
59065,T-Town Medical Marijuana Dispensary,t-town-medical-marijuana-dispensary,3524 S SHERIDAN RD,Tulsa,Oklahoma,74145,(918) 600-4723,TTownMedicalRX@Gmail.com,medical,36.111296,-95.905037,true
319094,Project Releaf,project-releaf-okc,1218 n Pennsylvania Ave,Oklahoma City,Oklahoma,73107,(405) 673-7229,projectreleaf1@gmail.com,medical,35.48125,-97.54758,true
317777,The Chronic Spot,the-chronic-spot-3,5912 NW 36th Street,Warr Acres,Oklahoma,73122,(405) 423-0064,chronicspot405@gmail.com,medical,35.50753,-97.61961,true
61334,Best Dispensaries,best-dispensaries,1502 S. Harvard Ave.,Tulsa,Oklahoma,74112,(918) 289-6771,chicohcc@gmail.com,medical,36.140332,-95.940749,true
307363,Spark - Anadarko,spark-5,121 W MAIN ST,Anadarko,Oklahoma,73005,(405) 648-7040,sparkanadarko1@gmail.com,medical,35.076503,-98.244881,true
306460,Smokin' Savage - Drive Thru Open!,smokin-savage,9101 S. May Ave,Oklahoma City,Oklahoma,73159,(405) 815-7082,smokinsavage9101s@gmail.com,medical,35.376183,-97.5661,true
59141,NatureMeds,naturemeds,1106 S Commerce St,Ardmore,Oklahoma,73401,(580) 319-4022,info@naturemedsok.com,medical,34.159497,-97.142245,true
310037,Mama Jane's Jungle powered by Tulsa Treehouse,mama-jane-s-jungle,11510 E 21st St,Tulsa,Oklahoma,74129,(539) 867-1170,mamajanesjungle@gmail.com,medical,36.13336,-95.85018,true
309395,Magnolia City Apothecary,magnolia-city-apothecary,9536 W Hwy 70,Durant,Oklahoma,74701,(580) 745-5435,lindsey@mcacannabis.com,medical,33.996917,-96.455603,true
321393,RedBilly Dispensary,redbilly-dispensary,3144 Highway 412,Colcord,Oklahoma,74338,(918) 226-1152,ssredbillydispensary@redbilly.com,medical,36.18045,-94.57449,true
318132,Burns Cannabis Experience,burns-cannabis-experience,8703 N Western Ave,Oklahoma City,Oklahoma,73114,(405) 607-0083,ADRIAN@BURNSCANNABISEXP.COM,medical,35.55888,-97.531531,true
346889,Royal Budz - Del City,royal-budz,3404 SE 15th St,Del City,Oklahoma,73115,(405) 493-9172,royalbudzdispensary@gmail.com,medical,35.44965,-97.45166,true
376652,Emerald Elite II,emerald-elite-ii,1111 W CHOCTAW AVE,Chickasha,Oklahoma,73018,(405) 544-1020,admin@emeraldelitethc.com,medical,35.052104,-97.947288,true
65947,Alternative Cures,alternative-cures-2,3611 Williams Ave,Woodward,Oklahoma,73801,(580) 290-5038,alternativecuresllc@gmail.com,medical,36.434969,-99.379728,true
321006,Kush Hills - Drive Thru Open!,kush-hills,300 NW 63rd St.,Oklahoma City,Oklahoma,73116,(405) 412-8119,kushhills87@gmail.com,medical,35.53677,-97.51877,true
315456,Green Monkey Dispensary,green-monkey-dispensary,525 Main St,Arkoma,Oklahoma,74901,(918) 875-7006,greenmonkeydispensary@yahoo.com,medical,35.357734,-94.435137,true
363337,Phoenix Dispensary,phoenix-dispensary,1707 E Hwy 152,Mustang,Oklahoma,73064,(405) 934-2199,dispensaryphoenix@gmail.com,medical,35.392025,-97.688526,true
310810,BDZ Cannabis,bdz-cannabis,5837 E Covell Rd,Edmond,Oklahoma,73034,(405) 216-3360,Info@BDZCannabisok.com,medical,35.68239,-97.405226,true
351190,Cream Dispensary,cannabis-rules-everything-around-me,901 sw lee blvd Suite B,Lawton,Oklahoma,73501,(580) 860-5000,toby@creamxcannabis.com,medical,34.59488,-98.40191,true
311208,Purple Moon Dispensary - Coweta,purple-moon-dispensary-coweta,13872 OK - 51,Coweta,Oklahoma,74429,(918) 863-5185,cowetapurplemoon@gmail.com,medical,35.96103,-95.65306,true
60407,Med Shop 405,the-med-shop,7911 W. Hefner Rd Suite 2,Oklahoma City,Oklahoma,73162,(405) 944-4055,medshop405@gmail.com,medical,35.58053,-97.655336,true
322728,Hybrid Cannabis,hybrid-cannabis,1204 SW 59th St,Oklahoma City,Oklahoma,73109,(405) 900-6049,info@smokehybrid.com,medical,35.40599,-97.53735,true
358112,David's Cloud,david-s-cloud-1,9001 S Harrah rd,Newalla,Oklahoma,74857,(405) 988-2284,thecloud1007@gmail.com,medical,35.376748,-97.160028,true
61045,Green Country Bud - 91st & Yale Ave,green-country-bud-inc-tulsa-s-yale-ave,8903 S Yale Ave,Tulsa,Oklahoma,74137,(888) 860-0082,orders@greencountrybud.com,medical,36.034603,-95.922016,true
365406,ICY MELTS DISPENSARY,icy-melts-direct-llc,7794 N OWASSO EXPRESSWAY SUITE B,Owasso,Oklahoma,74055,(918) 516-2115,ICYMELTSDIRECT@GMAIL.COM,medical,36.267011,-95.848952,true
347544,Oklahoma's Finest Cannabis,oklahoma-s-finest-cannabis,2301 Exchange Ave,Oklahoma City,Oklahoma,73108,(405) 833-9712,ofc2301@gmail.com,medical,35.45342,-97.55545,true
314864,Cherry Street Dispensary,cherry-street-dispensary,"2442 E 15th Street, STE A",Tulsa,Oklahoma,74104,(918) 887-4276,cherrystreetdispensary@gmail.com,medical,36.14043,-95.95682,true
62413,Healing Options,healing-options-and-dispensary,135 South Main Street,Eufaula,Oklahoma,74432,(918) 618-6850,healopt@yahoo.com,medical,35.285686,-95.582076,true
363159,PRISCILLAS GARDEN,priscillas-garden,1100 E CONSTITUTION ST,Norman,Oklahoma,73072,(405) 992-1255,pgconstitution@priscillasgarden.com,medical,35.191799,-97.424439,true
305400,Planet 420,planet-420,7310 Lyrewood Lane,Oklahoma City,Oklahoma,73132,(405) 367-7062,Planet.420@yahoo.com,medical,35.54626,-97.62974,true
66526,Master of Buds,master-of-buds,713 W Main st,Collinsville,Oklahoma,74021,(918) 553-1255,masterofbuds420@gmail.com,medical,36.36411,-95.833436,true
66842,Arbuckle Farmacy,arbuckle-farmacy,1601 W Broadway,Sulphur,Oklahoma,73086,(580) 860-4424,arbucklefarmacy@gmail.com,medical,34.507062,-96.970257,true
342124,The Sacred Herb,the-sacred-herb,"14920 W, 14920 OK-66",Sapulpa,Oklahoma,74066,(918) 216-1835,thesacredherb66@gmail.com,medical,35.99095,-96.15972,true
326946,Lawton Organics,lawton-organics,1812 NW Fort Sill Blvd,Lawton,Oklahoma,73507,(580) 280-9828,lawtonorganics@gmail.com,medical,34.62746,-98.4048,true
60689,Re-leaf Resolutions,releaf-resolutions,1021 E. Davis,Weatherford,Oklahoma,73096,(580) 890-8086,releafresolutions@gmail.com,medical,35.537288,-98.695178,true
316483,Big Buds Dispensary,big-buds-dispensary-3,650 E Charles Page Blvd.,Sand Springs,Oklahoma,74063,,ilikebigbudstoo@gmail.com,medical,36.137,-96.10005,true
65861,Namah Cannabis Co.,namah-cannabis-co,2401 N Harrison Suite 300,Shawnee,Oklahoma,74804,(405) 395-4120,namahcannabisco@gmail.com,medical,35.356497,-96.912836,true
62776,420 Farmacy,420-farmacy,10806 N. 2000 Road,Elk City,Oklahoma,73644,(580) 799-7655,420farmacyelkcity@gmail.com,medical,35.450257,-99.416821,true
62701,The Healing Club,the-healing-club,1500 Exchange Ave,Oklahoma City,Oklahoma,73108,(405) 594-3375,thehealingclub@egiok.com,medical,35.455674,-97.540702,true
59550,New Leaf Medicinals,new-leaf-medicinals-chickasha,"210 S 4th Street, Suite E",Chickasha,Oklahoma,73018,(405) 825-3419,Erick.newleaf@gmail.com,medical,35.049667,-97.937024,true
331307,Proud Mary Cannabis,proud-mary-cannabis,2410 N Robinson,Oklahoma City,Oklahoma,73103,,info@proudmarycannabis.com,medical,35.493715,-97.515438,true
346297,Pure Wellness Medical,pure-wellness-medical-1,320 N Commerce Ste 10,Ardmore,Oklahoma,73401,(580) 220-8883,PureWellnessArdmore@gmail.com,medical,34.178785,-97.1418,true
64001,Checotah Medical Dispensary,checotah-medical-dispensary,900 W Gentry,Checotah,Oklahoma,74426,(918) 926-3583,culturecannabismarketing@gmail.com,medical,35.471754,-95.530581,true
304642,Ketama Dispensary,ketama-dispensary,5830 S. Agnew Ave.,Oklahoma City,Oklahoma,73119,(405) 900-5842,haydenkauk@gmail.com,medical,35.407219,-97.554431,true
59250,Oklahoma Medical Garden,oklahoma-medical-garden,441608 hwy 28,Vinita,Oklahoma,74301,(918) 953-9020,okmedicalgarden@gmail.com,medical,36.455329,-95.136258,true
63429,EMPIRE DISPENSARY INC.,empire-dispensary-inc,327 W HWY 152 SUITE 107,Mustang,Oklahoma,73064,(405) 806-5108,INFO@EMPIREOKC.COM,medical,35.392356,-97.729415,true
316026,Doc's Med Grow,doc-s-med-grow,9701 OK-137,Miami,Oklahoma,74354,(918) 325-9481,docsmedgrow21@gmail.com,medical,36.87348,-94.7888,true
399794,Puffalo Bills,puffalo-bills,25428 U.S. Route 66,Calumet,Oklahoma,73014,(405) 889-9721,puffalobillsdispo@gmail.com,medical,35.536662,-98.237337,true
401157,Green Goddess,green-goddess-broken-arrow,520 N. Main St,Broken Arrow,Oklahoma,74012,(918) 259-9901,theggdispensary@gmail.com,medical,36.05714,-95.791152,true
346088,PHamily Trees Dispensary,phamily-trees,11925 N I-35 Service Rd,Oklahoma City,Oklahoma,73131,(405) 554-4867,phamilytreesdispo@gmail.com,medical,35.58808,-97.43791,true
59712,No Rhyme or Reason Medical Marijuana Dispensary,no-rhyme-or-reason-medical-marijuana-dispensary,7910 N. May Ave.,Oklahoma City,Oklahoma,73120,(405) 286-4555,Daniel@okckratom.com,medical,35.551741,-97.565224,true
348064,Green Delight,green-delight,7001 WEST HEFNER ROAD SUITE C,Oklahoma City,Oklahoma,73162,(405) 861-0705,greendelight1425@gmail.com,medical,35.58077,-97.63676,true
311189,Mother Natures Pharmacy,mothernaturespharmacy,110 S. Main Street,Spiro,Oklahoma,74959,(479) 769-5212,raylondmartin612@gmail.com,medical,35.240536,-94.620721,true
67286,33 Dispensary,cannabis-alley-1,600 w Broadway st,Drumright,Oklahoma,74030,(918) 729-8027,33dispensary2@gmail.com,medical,35.988343,-96.60739,true
65251,GREEN BUD,green-bud-1,2020 NW 150 ST,Oklahoma City,Oklahoma,73134,(405) 242-3300,greenbud2020@gmail.com,medical,35.62353,-97.548664,true
358548,K'S Dispo - Roland,k-s-dispo-roland,707 S ROLAND RD 3,Roland,Oklahoma,74954,(918) 503-6192,ksdisporoland@gmail.com,medical,35.409448,-94.512957,true
375425,Peace Leaf Ltd Co,peace-leaf-pryor,9 S Adair St,Pryor,Oklahoma,74361,(918) 825-1697,rockingydispo@gmail.com,medical,36.3073,-95.317,true
338649,Stash House - Coyle,stash-house-1,7200 N Henney Rd Suite E,Coyle,Oklahoma,73027,(580) 789-4551,dispensarycoyle@gmail.com,medical,35.95093,-97.28191,true
301293,Lady Janes Dispensary,lady-janes-dispensary,1212 1st St,Woodward,Oklahoma,73801,(580) 290-5151,realearthremedies@gmail.com,medical,36.434478,-99.380242,true
368904,Bud Shack,bud-shack-1,1505 Memorial Dr.,Marietta,Oklahoma,73448,(580) 559-2208,ndpndentac@aol.com,medical,33.939772,-97.138342,true
335790,Delirium Dispensary,delirium-dispensary,431 S Wilson St,Vinita,Oklahoma,74301,(918) 323-4559,deliriumdispensary@yahoo.com,medical,36.6322,-95.15837,true
336988,Green Champ,green-champ,3621 NW 50th St Ste A,Oklahoma City,Oklahoma,73112,(405) 212-4249,greenchampokc@gmail.com,medical,35.52257,-97.582225,true
366145,HILLBILLY GAS,hillbilly-gas,17628 W 8th ST,Sand Springs,Oklahoma,74063,(918) 246-7770,Hillbillygas@gmail.com,medical,36.155371,-96.188936,true
336228,Green Bud 2,green-bud-2-1,"12600 N PENNSYLVANIA AVE, STE B",Oklahoma City,Oklahoma,73120,(405) 414-6044,greenbud12600@gmail.com,medical,35.59882,-97.5493,true
303962,Wheeler Cannabis,wheeler-cannabis,3109 South Western,Oklahoma City,Oklahoma,73109,(405) 600-9787,wheelercannabis@gmail.com,medical,35.434,-97.530409,true
402279,Eufloria Gypsy,eufloria-gypsy,303 NORTH MARTIN LUTHER KING JR BLVD SUITE B,Tulsa,Oklahoma,74103,(918) 933-8203,store-004@eufloriameds.com,medical,36.16043,-95.991585,true
316865,K's Dispo - Eufala,k-s-dispo-eufala,41 Pine Ave.,Eufaula,Oklahoma,74432,(918) 707-5175,kdispo21@gmail.com,medical,35.28796,-95.58176,true
314412,High Decibel Alternative,high-decibel-alternative,347 W Britton Rd,Oklahoma City,Oklahoma,73114,(405) 849-4117,Highdecibelalternative@gmail.com,medical,35.56589,-97.51993,true
314147,Trich Home - Bartleville,trich-home-bartleville,128 NE Washington Blvd,Bartlesville,Oklahoma,74006,(918) 876-0398,the.trich.home@gmail.com,medical,36.758098,-95.934816,true
381201,The Back House,the-back-house,113 W Main St.,Hominy,Oklahoma,74035,(918) 885-9831,thebackhouseok@yahoo.com,medical,36.415874,-96.394845,true
359746,Blazon dispensary,blazon-dispensary,1106 N Kickapoo Ave,Shawnee,Oklahoma,74801,(405) 777-2455,Blazon851@gmail.com,medical,35.34336,-96.930148,true
353060,All Love,all-love,2741 NW 36th st. Suite A,Oklahoma City,Oklahoma,73112,(405) 812-5906,loveisall2741@gmail.com,medical,35.507791,-97.563284,true
317677,Amazing Strainz,amazingstrainz,1800 NE 23rd Suite C,Oklahoma City,Oklahoma,73111,(405) 724-9803,Amazingstrainz@gmail.com,medical,35.492791,-97.47971,true
325969,Major Meds Dispensary,major-meds,2153 North Highway 74,Crescent,Oklahoma,73028,(405) 969-3331,majorbudsllc@gmail.com,medical,35.898356,-97.595387,true
377682,2+2 Dispensary,2-2-dispensary,713 S Sheridan Rd,Tulsa,Oklahoma,74112,(539) 867-1041,2plus2dispo@gmail.com,medical,36.151215,-95.904224,true
381908,Vice Dispensary Blackwell,vice-dispensary-blackwell,723 S. MAIN ST,Blackwell,Oklahoma,74631,(580) 262-2555,julytorres101@gmail.com,medical,36.797587,-97.283367,true
370677,Crush Gardens 2,crush-gardens-2,3133 East Waterloo RD #C,Edmond,Oklahoma,73034,(405) 906-3500,Regina.c.falcone@gmail.com,medical,35.725583,-97.439817,true
353343,F'NA Buds,f-na-buds-1,209 W Broadway St,Altus,Oklahoma,73521,(580) 379-9611,fnabuds2@gmail.com,medical,34.6379,-99.33628,true
304625,Eufloria Dispensary - McAlester,eufloria-dispensary-mcalester,1501 E Wade Watts Ave,McAlester,Oklahoma,74501,(918) 558-2168,store-003@eufloriameds.com,medical,34.924,-95.750173,true
400404,Royal Medicine,royal-medicine,1000 NE Washington Blvd,Bartlesville,Oklahoma,74006,(561) 710-1461,royalmedicine.llc@gmail.com,medical,36.773751,-95.934913,true
312606,The Hootenanny,the-hootenanny,1604 Pennsylvania Ave,Hartshorne,Oklahoma,74547,(918) 318-9224,hootenanny2021@gmail.com,medical,34.84166,-95.54526,true
378836,Rooted Harmony Medicinary,rooted-harmony-medicinary,604 S Brady St,Claremore,Oklahoma,74017,(918) 378-5771,Bethany.westbenddispo@gmail.com,medical,36.310761,-95.63256,true
377703,Country Cannabis Outlet Store,country-cannabis-outlet-store,16450 Us 70,Lone Grove,Oklahoma,73443,(918) 398-3411,lisa@countrycannabis.com,medical,34.17338,-97.254692,true
326151,NOLA Farms Stash House,nola-farms-stash-house,6631 N Hwy 259,Broken Bow,Oklahoma,74728,(985) 502-6690,nolafarms@gmail.com,medical,34.029276,-94.739105,true
342385,STONERZ & CO.,stonerz-co,715 Eastside Blvd,Muskogee,Oklahoma,74403,(918) 913-7201,Stonerzandcompany@yahoo.com,medical,35.75105,-95.356214,true
345382,Canna Shack,canna-shack,2730 S Harvard Ave,Tulsa,Oklahoma,74114,(918) 935-2779,cannashack2730@gmail.com,medical,36.122865,-95.940695,true
375410,Elite Dispensary,elite-dispensary-2,5220 S Yale Ave,Tulsa,Oklahoma,74135,(539) 525-0067,okiebro@outlook.com,medical,36.086833,-95.922754,true
400723,Austinite Cannabis Co LLC,austinite-cannabis-co-llc,5627 W. Broadway,Ardmore,Oklahoma,73401,(580) 319-4227,estella@austinitecannabis.co,medical,34.17339,-97.20343,true
378373,StateLine Fine Cannabis,stateline-fine-cannabis,5079 STATE HIGHWAY 91 StateLine Fine Cannabis,Colbert,Oklahoma,74733,(580) 942-2136,statelinefinecannabis@gmail.com,medical,33.853314,-96.51842,true
383187,Wholesale Cannabis Co,wholesale-cannabis-company-1-llc,272 S 5th St,Jay,Oklahoma,74346,(918) 200-9673,wholesalecannabiscompany@gmail.com,medical,36.421328,-94.797179,true
338082,Gooee Cannabis Co,gooee-enterprises,910 Southwest F. Ave.,Lawton,Oklahoma,73501,(580) 699-7979,info@gooeecannabis.com,medical,34.60138,-98.40246,true
325558,Southern Cannabis Crew,southern-cannabis-crew,6943 US-70,Mead,Oklahoma,73449,(580) 380-4020,sccsmokeshop@outlook.com,medical,34.02579,-96.51624,true
300609,Deep South Greenery,deep-south-greenery,1301 south f st,Hugo,Oklahoma,74743,(580) 406-6712,Lancesparks25@me.com,medical,34.002314,-95.519787,true
60373,Powell Farm Dispensary,powell-farms-1,920 W OKMULGEE ST,Muskogee,Oklahoma,74401,(918) 910-5004,powellfarmsdispensary@gmail.com,medical,35.752055,-95.380358,true
378614,Deel'n Green'z,deel-n-green-z,22619 US-59,Spiro,Oklahoma,74959,(918) 963-4455,deelmedicalcf@gmail.com,medical,35.192854,-94.674181,true
309206,Anathallo Wellness,anathallo-wellness,7930 N May Avenue,Oklahoma City,Oklahoma,73120,(405) 474-1195,anathallowellness@gmail.com,medical,35.552447,-97.565982,true
380498,Tehoti Dispensary,tehoti-dispensary,104 S Broadway St,Cleveland,Oklahoma,74020,(918) 640-8206,dispensarytehoti@gmail.com,medical,36.308691,-96.46441,true
380290,FireMeds,firemeds,908 W Main St.,Henryetta,Oklahoma,74437,(918) 268-4216,firemedscannabis@gmail.com,medical,35.440122,-95.99281,true
373759,Hwy 48 Bud Shop,hwy-48-bud-shop,4245 State Hwy 48,Mannford,Oklahoma,74044,(918) 865-8455,highway48budshop@yahoo.com,medical,36.102712,-96.386798,true
353993,Atlas Organics Dispensary,atlas-organics-ok,611 W Highpoint Dr Suite 2000,Stillwater,Oklahoma,74075,(405) 612-2021,atlasorganicsok@gmail.com,medical,36.14198,-97.06611,true
400565,Pink Rhino,pink-rhino-1,7311 North McArthur Blvd,Oklahoma City,Oklahoma,73132,(405) 205-3082,pinkrhino7311@gmail.com,medical,35.545671,-97.610054,true
379292,HI/LO Budz,hi-lo-budz,130 Broadway of America B,Holdenville,Oklahoma,74848,(405) 592-4287,michelle@hilobudz.com,medical,35.089801,-96.406676,true
377230,420 Releaf,420-releaf-421,21 West 3rd St.,Grove,Oklahoma,74344,(918) 791-3420,420releaf@gmail.com,medical,36.593451,-94.770081,true
337719,Discount Dispensary,discount-dispensary,2316 N meridian ave,Oklahoma City,Oklahoma,73107,(405) 818-4672,Kabirhomaun@gmail.com,medical,35.49197,-97.600843,true
